-- phpMyAdmin SQL Dump
-- version 5.1.0
-- https://www.phpmyadmin.net/
--
-- Host: 127.0.0.1
-- Generation Time: Jun 25, 2023 at 06:35 AM
-- Server version: 10.4.19-MariaDB
-- PHP Version: 8.0.2

SET SQL_MODE = "NO_AUTO_VALUE_ON_ZERO";
START TRANSACTION;
SET time_zone = "+00:00";


/*!40101 SET @OLD_CHARACTER_SET_CLIENT=@@CHARACTER_SET_CLIENT */;
/*!40101 SET @OLD_CHARACTER_SET_RESULTS=@@CHARACTER_SET_RESULTS */;
/*!40101 SET @OLD_COLLATION_CONNECTION=@@COLLATION_CONNECTION */;
/*!40101 SET NAMES utf8mb4 */;

--
-- Database: `jackskainan`
--

-- --------------------------------------------------------

--
-- Table structure for table `tbl_cart`
--

CREATE TABLE `tbl_cart` (
  `id` int(11) NOT NULL,
  `customerid` varchar(20) NOT NULL,
  `restaurant` varchar(100) NOT NULL,
  `foodid` varchar(20) NOT NULL,
  `price` varchar(10) NOT NULL,
  `qty` varchar(2) NOT NULL DEFAULT '1'
) ENGINE=InnoDB DEFAULT CHARSET=utf8mb4;

-- --------------------------------------------------------

--
-- Table structure for table `tbl_category`
--

CREATE TABLE `tbl_category` (
  `catid` int(11) NOT NULL,
  `category` varchar(255) NOT NULL
) ENGINE=InnoDB DEFAULT CHARSET=utf8mb4;

--
-- Dumping data for table `tbl_category`
--

INSERT INTO `tbl_category` (`catid`, `category`) VALUES
(1, 'Dessert'),
(2, 'Main Dish'),
(3, 'Appetizer'),
(4, 'Soup'),
(5, 'Salad'),
(6, 'Pasta'),
(7, 'Package');

-- --------------------------------------------------------

--
-- Table structure for table `tbl_catering_order_details`
--

CREATE TABLE `tbl_catering_order_details` (
  `catering_id` int(11) NOT NULL,
  `order_list` varchar(255) NOT NULL,
  `payment_type` varchar(255) NOT NULL,
  `userid` varchar(255) NOT NULL,
  `user` varchar(255) NOT NULL,
  `useremail` varchar(255) NOT NULL,
  `grand_total` float NOT NULL,
  `phonenum` varchar(10) NOT NULL,
  `restaurant` varchar(255) NOT NULL,
  `event_address` varchar(255) NOT NULL,
  `status` varchar(255) NOT NULL DEFAULT 'Not yet approved',
  `catering_style` varchar(255) NOT NULL,
  `date_of_reservation` datetime NOT NULL DEFAULT current_timestamp(),
  `date_to_be_delivered` date NOT NULL,
  `time_to_be_delivered` time NOT NULL
) ENGINE=InnoDB DEFAULT CHARSET=utf8mb4;

--
-- Dumping data for table `tbl_catering_order_details`
--

INSERT INTO `tbl_catering_order_details` (`catering_id`, `order_list`, `payment_type`, `userid`, `user`, `useremail`, `grand_total`, `phonenum`, `restaurant`, `event_address`, `status`, `catering_style`, `date_of_reservation`, `date_to_be_delivered`, `time_to_be_delivered`) VALUES
(103, ' beef menudo: ₱500x4= ₱2000,chicken kebab: ₱500x3= ₱1500,Total = ₱3500', 'credit card', '1', 'test', 'test@gmail.com', 3500, '0997605585', 'Pumice Food and Catering Services', 'Brgy. San Roque, Iligan City, Lanao del Norte', 'approved', 'Party Tray', '2023-05-16 14:46:30', '2023-06-20', '14:49:00'),
(104, ' chicken curry: ₱500x1= ₱500,Total = ₱500', 'credit card', '1', 'test', 'test@gmail.com', 500, '0997605585', 'Pumice Food and Catering Services', 'Brgy. San Roque, Iligan City, Lanao del Norte', 'approved', 'Party Tray', '2023-04-09 14:47:33', '2023-06-19', '14:49:00'),
(105, ' chicken kebab: ₱500x1= ₱500,Total = ₱500', 'credit card', '1', 'test', 'test@gmail.com', 500, '0997605585', 'Pumice Food and Catering Services', 'Brgy. San Roque, Iligan City, Lanao del Norte', 'approved', 'Party Tray', '2023-07-14 14:51:00', '2023-07-20', '16:50:00'),
(106, ' chicken curry: ₱500x1= ₱500,Total = ₱500', 'credit card', '1', 'test', 'test@gmail.com', 500, '0997605585', 'Pumice Food and Catering Services', 'Brgy. San Roque, Iligan City, Lanao del Norte', 'approved', 'Party Tray', '2023-03-13 14:57:48', '2023-06-20', '16:57:00'),
(107, ' Roasted beef: ₱500x1= ₱500,Total = ₱500', 'credit card', '1', 'test', 'test@gmail.com', 500, '0997605585', 'Pumice Food and Catering Services', 'Brgy. San Roque, Iligan City, Lanao del Norte', 'approved', 'Party Tray', '2023-02-16 14:59:51', '2023-06-26', '16:59:00'),
(108, ' chicken kebab: ₱500x1= ₱500,Total = ₱500', 'credit card', '1', 'test', 'test@gmail.com', 500, '0997605585', 'Pumice Food and Catering Services', 'Brgy. San Roque, Iligan City, Lanao del Norte', 'Delivered', 'Party Tray', '2023-06-30 17:45:30', '2023-06-19', '17:01:00'),
(109, ' lechon baboy: ₱123x1= ₱123,Total = ₱123', 'credit card', '1', 'test', 'test@gmail.com', 123, '0997605585', 'dave`s restaurant', 'Brgy. San Roque, Iligan City, Lanao del Norte', 'full_payment', 'Party Tray', '2023-06-18 17:59:53', '2023-06-20', '19:59:00'),
(110, ' lechon baboy: ₱2323x3= ₱6969,Total = ₱6969', 'credit card', '1', 'test', 'test@gmail.com', 6969, '0997605585', 'dave`s restaurant', 'Brgy. San Roque, Iligan City, Lanao del Norte', 'full_payment', 'Party Tray', '2023-06-20 08:11:30', '2023-06-21', '10:11:00'),
(111, ' lechon baboy: ₱2323x1= ₱2323,Total = ₱2323', 'credit card', '1', 'test', 'test@gmail.com', 2323, '0997605585', 'dave`s restaurant', 'Brgy. San Roque, Iligan City, Lanao del Norte', 'full_payment', 'Party Tray', '2023-06-20 08:53:08', '2023-06-21', '10:52:00'),
(112, ' Set A: ₱60000x1= ₱60000,Total = ₱60000', 'credit card', '1', 'test', 'test@gmail.com', 60000, '0997605585', 'Frostybites Garden Hall', 'Brgy. San Roque, Iligan City, Lanao del Norte', 'Delivered', 'Party Tray', '2023-06-22 13:57:07', '2023-06-24', '15:56:00'),
(113, ' Set A: ₱60000x1= ₱60000,Total = ₱60000', 'credit card', '1', 'test', 'test@gmail.com', 60000, '0997605585', 'Frostybites Garden Hall', 'Brgy. San Roque, Iligan City, Lanao del Norte', 'Delivered', 'Party Tray', '2023-06-22 13:57:08', '2023-06-24', '15:56:00'),
(114, ' Set B: ₱60000x1= ₱60000,Total = ₱60000', 'credit card', '1', 'test', 'test@gmail.com', 60000, '0997605585', 'Frostybites Garden Hall', 'Brgy. San Roque, Iligan City, Lanao del Norte', 'Delivered', 'Party Tray', '2023-06-22 14:02:39', '2023-06-24', '14:04:00'),
(118, ' Set B: ₱60000x1= ₱60000,Set C: ₱60000x1= ₱60000,Set A: ₱60000x1= ₱60000,Total = ₱180000', 'credit card', '1', 'test', 'test@gmail.com', 180000, '0997605585', 'Frostybites Garden Hall', 'Brgy. San Roque, Iligan City, Lanao del Norte', 'Delivered', 'Party Tray', '2023-06-22 14:44:10', '2023-06-23', '14:47:00'),
(120, ' Set B: ₱60000x1= ₱60000,Total = ₱60000', 'credit card', '1', 'test', 'test@gmail.com', 60000, '0997605585', 'Frostybites Garden Hall', 'Brgy. San Roque, Iligan City, Lanao del Norte', 'Not approved', 'Party Tray', '2023-06-22 15:32:36', '2023-06-23', '15:32:00');

--
-- Triggers `tbl_catering_order_details`
--
DELIMITER $$
CREATE TRIGGER `UpdateOrderLogs` AFTER UPDATE ON `tbl_catering_order_details` FOR EACH ROW INSERT INTO tbl_order_logs VALUES(null, NEW.catering_id, NEW.restaurant, NEW.user, NEW.status, 'Updated', NOW())
$$
DELIMITER ;
DELIMITER $$
CREATE TRIGGER `orderlogs` AFTER INSERT ON `tbl_catering_order_details` FOR EACH ROW INSERT INTO tbl_order_logs VALUES(null, NEW.catering_id, NEW.restaurant, NEW.user, NEW.status, 'Updated', NOW())
$$
DELIMITER ;

-- --------------------------------------------------------

--
-- Table structure for table `tbl_customer`
--

CREATE TABLE `tbl_customer` (
  `customerid` int(11) NOT NULL,
  `password` varchar(255) NOT NULL,
  `useremail` varchar(255) NOT NULL,
  `username` varchar(255) NOT NULL,
  `phonenum` varchar(11) NOT NULL,
  `event_address` varchar(255) NOT NULL,
  `payment_type` varchar(100) NOT NULL,
  `role` varchar(12) NOT NULL,
  `image` varchar(255) NOT NULL
) ENGINE=InnoDB DEFAULT CHARSET=utf8mb4;

--
-- Dumping data for table `tbl_customer`
--

INSERT INTO `tbl_customer` (`customerid`, `password`, `useremail`, `username`, `phonenum`, `event_address`, `payment_type`, `role`, `image`) VALUES
(1, '$2y$10$mOV3j4STRCB7NslGaKw7XuFID6.OYdnct9Es109tGlTC7D4QaZhzu', 'test@gmail.com', 'test', '09976055855', 'Brgy. San Roque, Iligan City, Lanao del Norte', 'credit card', 'customer', '648ea8085c97b.jpg'),
(2, '$2y$10$QEtd3Qlw8KcT2c5keSrP/u0L/14UPQRg4gRAf80uuZivQPDd44DWu', 'test1@gmail.com', 'test1', '09976055855', '', 'cash on delivery', 'customer', ''),
(3, '$2y$10$gK2Ukzs/yNSiMWegjeoSgu1SVcq8/nmp1v0nTZ3fR8ClL/snCTV5q', 'test2@gmail.com', 'test2', '99976055855', 'Brgy. San Roque, Iligan City, Lanao del Norte', 'cash on delivery', 'customer', '');

-- --------------------------------------------------------

--
-- Table structure for table `tbl_foodmenu`
--

CREATE TABLE `tbl_foodmenu` (
  `foodid` int(11) NOT NULL,
  `food` varchar(255) NOT NULL,
  `userid` int(11) NOT NULL,
  `restaurant` varchar(100) NOT NULL,
  `category` varchar(255) NOT NULL,
  `saleprice` float NOT NULL,
  `description` varchar(255) NOT NULL,
  `package_description` varchar(255) NOT NULL,
  `image` varchar(255) NOT NULL
) ENGINE=InnoDB DEFAULT CHARSET=utf8mb4;

--
-- Dumping data for table `tbl_foodmenu`
--

INSERT INTO `tbl_foodmenu` (`foodid`, `food`, `userid`, `restaurant`, `category`, `saleprice`, `description`, `package_description`, `image`) VALUES
(19, 'Chicken cordon bleu', 40, 'Pumice Food and Catering Services', 'Main Dish', 500, 'Party Tray : Good for 4-6 pax', '', '648d713aa43e8.jpg'),
(20, 'chicken curry', 40, 'Pumice Food and Catering Services', 'Main Dish', 500, 'Good for 4-6 pax', '', '648d71a24119b.jpg'),
(21, 'chicken kebab', 40, 'Pumice Food and Catering Services', 'Main Dish', 500, 'Good for 4-6 pax', '', '648d72222a8a1.jpg'),
(22, 'chicken kebab', 40, 'Pumice Food and Catering Services', 'Main Dish', 500, 'Good for 4-6 pax', '', '648d74106f2b7.jpg'),
(23, 'beef menudo', 40, 'Pumice Food and Catering Services', 'Main Dish', 500, 'Good for 4-6 pax', '', '648d742ee639d.jpg'),
(24, 'Roasted beef', 40, 'Pumice Food and Catering Services', 'Main Dish', 500, 'Good for 4-6 pax', '', '648d743f159a6.jpg'),
(25, 'Garlic prawn/ shrimp', 40, 'Pumice Food and Catering Services', 'Main Dish', 500, 'Good for 4-6 pax', '', '648d74bc01b7b.jpg'),
(26, 'Sweet and sour Fish fillet', 40, 'Pumice Food and Catering Services', 'Main Dish', 500, 'Good for 4-6 pax', '', '648d74d4419c2.jpg'),
(27, 'pumice fettucine carbonara', 40, 'Pumice Food and Catering Services', 'Pasta', 500, 'Good for 4-6 pax', '', '648d750dd1725.jpg'),
(28, 'pumice spaghetti balognes w/ meatballs', 40, 'Pumice Food and Catering Services', 'Pasta', 500, 'Good for 4-6 pax', '', '648d75412e413.jpg'),
(29, 'pumice ceasar salad', 40, 'Pumice Food and Catering Services', 'Salad', 500, 'Good for 4-6 pax', '', '648d75bbf180a.jpg'),
(30, 'Chicken Curry', 34, 'Appetina Modern Filipino Cuisine', 'Main Dish', 600, 'Good fof 5-6 pax', '', 'ChickenCurry.jpg'),
(31, 'Crabs', 34, 'Appetina Modern Filipino Cuisine', 'Main Dish', 650, 'Good for 4-5 pax', '', '64912cd7edaaf.jpg'),
(32, 'Fried Chicken', 34, 'Appetina Modern Filipino Cuisine', 'Main Dish', 700, 'Good for 5-6 pax', '', '64912ccb9c5f4.jpg'),
(33, 'Menudo', 34, 'Appetina Modern Filipino Cuisine', 'Main Dish', 650, 'Good for 4-5 pax', '', '64912cbff19c9.jpg'),
(35, 'Cake', 39, 'Racquels Bakeshop & Catering Services', 'Dessert', 750, 'Good for 6-7 pax', '', '64912531c9d94.jpg'),
(36, 'Pasta', 39, 'Racquels Bakeshop & Catering Services', 'Pasta', 700, 'Good for 5-6', '', '6491254b52c05.jpg'),
(37, 'Fiesta 1', 39, 'Racquels Bakeshop & Catering Services', 'Package', 3500, 'Good for 10-15 pax  Roast Beef, Chicken Cordon Bleu, Potato Croquettes, Fresh Green Salad,  Fetuccine Carbonara, Chocolate Cake', '', '6491257378ff6.jpg'),
(38, 'Fiesta 2', 39, 'Racquels Bakeshop & Catering Services', 'Package', 3500, 'Good for 10-15 pax.\r\nKare-Kare, Pan Griled Fish, Fresh Lumpia, Sotanghon Guisado, Ube Cake', '', '64912591a7bf5.jpg'),
(39, 'Fiesta 3', 39, 'Racquels Bakeshop & Catering Services', 'Package', 3500, 'Good for 10-15 pax\r\nLechon Belly, Baked Lemon Chicken, Fried Chicken, Kinilaw, Bam-e , Buko Pandan, Choco Creme Cake', '', '649125a2bca97.jpg'),
(40, 'Chessy Quesadillas', 40, 'Pumice Food and Catering Services', 'Appetizer', 550, 'Good for 4-5 pax', '', '649124a66dc4d.jpg'),
(41, 'Chicken Buffalo Wings', 40, 'Pumice Food and Catering Services', 'Main Dish', 700, 'Good for 5-6', '', '6491246929778.jpg'),
(42, 'Lazagna', 40, 'Pumice Food and Catering Services', 'Pasta', 650, 'Good for 5-6 pax', '', '64912443b2be1.jpg'),
(43, 'Rigatoni Pasta', 40, 'Pumice Food and Catering Services', 'Pasta', 650, 'Good for 5-6 pax', '', '64912273a6900.jpg'),
(44, 'Pork Chop', 40, 'Pumice Food and Catering Services', 'Main Dish', 800, 'Good  for 5-6 pax', '', '64912261dfcc2.jpg'),
(45, 'Bistek', 38, 'Hazries Kitchen Catering Services', 'Main Dish', 650, 'Good for 6-7 pax', '', '649125dde0e57.jpg'),
(46, 'Brocolli', 38, 'Hazries Kitchen Catering Services', 'Salad', 600, 'Good for 5-6 pax', '', '649125eb7238d.jpg'),
(47, 'Chicken Cordon Bleu', 38, 'Hazries Kitchen Catering Services', 'Main Dish', 750, 'Good for 6-7 pax', '', '649125f5dc22e.jpg'),
(48, 'Lechon Belly', 38, 'Hazries Kitchen Catering Services', 'Main Dish', 700, 'Good for 5-6 pax', '', '649126021314f.jpg'),
(49, 'Pork Chop', 38, 'Hazries Kitchen Catering Services', 'Main Dish', 650, 'Good for 5-6 pax', '', '6491260aed491.jpg'),
(55, 'Set A', 35, 'Frostybites Garden Hall', 'Package', 60000, 'Good for 150 pax\r\nChicken Ala King, Beef Lengua Estofa, Chicken Sotanghon, Four Season,  Steamed Rice, Soft Drinks, Assorted Fruits, Maja Blanca', '', '64912e0d0600b.png'),
(56, 'Set B', 35, 'Frostybites Garden Hall', 'Package', 60000, 'Good for 150 pax Chicken Teriyaki, Beef Calderetta, Fetuccine Alfredo, Lumpia Shanghai, Steamed Rice, Soft Drinks, Assorted Fruits, Cassava', '', '64912e03dee66.png'),
(57, 'Set C', 35, 'Frostybites Garden Hall', 'Package', 60000, 'Good for 150 pax Lemon Chicken, Beef Brisket, Carbonara, Spring Egg Roll,  Steamed Rice, Soft Drinks, Assorted Fruits, Pianono', '', '64912df79e2b1.png'),
(58, 'Set D', 35, 'Frostybites Garden Hall', 'Package', 60000, 'Good for 150 pax Fried Chicken, Roast Beef, Rice Noodles, Fresh Lumpia, Steamed Rice, Soft Drinks, Assorted Fruits, Brownies', '', '64912def31299.png'),
(59, 'Set A2', 35, 'Frostybites Garden Hall', 'Package', 65000.5, 'Good for 150 pax Chicken Teriyaki, Garden Salad, Beef Caldereta, Fish Fillet, Chicken Sotanghon Guisasdo, Steamed Rice, Soft Drinks, Assorted Fruits, Maja Blanca	', '', '64912dc0681a5.png'),
(60, 'Package A', 38, 'Hazries Kitchen Catering Services', 'Package', 8100, 'Good for 30 pax \r\n3 viands(1 variant each), Salad, Assorted Fruits, Softdrinks(Assorted), Steamed Rice', '', '64912c749489e.png'),
(61, 'Package B', 38, 'Hazries Kitchen Catering Services', 'Package', 14000, 'Good for 50 pax\r\n4 courses(1 variant each), Salad, Assorted Fruits, Softdrinks(Assorted), Steamed Rice', '', '64912c6cc1845.png'),
(62, 'Fiesta A', 38, 'Hazries Kitchen Catering Services', 'Package', 5500, 'Good for  30 pax\r\n3.5 kg. Lechon Belly, 1 Full Tray Chicken Cordon Bleu, 1 Full Tray Beef Rendang, 1 Full Tray Fish fillet, 1 Full Tray Fruit Salad', '', '64912c638003c.png'),
(63, 'Fiesta B', 38, 'Hazries Kitchen Catering Services', 'Package', 4200, 'Good for  20 pax\r\n3.5 kg. Lechon Belly, 1 Half Tray Chicken Cordon Bleu, 1 Half Tray Beef Rendang, 1 Half Tray Fish fillet, 1 Half Tray Fruit Salad', '', '64912c521f2bb.png'),
(64, 'Fiesta C', 38, 'Hazries Kitchen Catering Services', 'Package', 3800, 'Good for 20 pax\r\n3.5 kg. Lechon Belly, 1 Half Tray Chicken Cordon Bleu, 1 Half Tray Pork ribs, 1 Party Tray Fish fillet', '', '64912c46e122f.png'),
(65, 'Nuggets', 34, 'Appetina Modern Filipino Cuisine', 'Appetizer', 600, 'good for 5', '', '6491737d222d4.png'),
(66, 'package 1', 34, 'Appetina Modern Filipino Cuisine', 'Package', 600, 'Nuggets, Chicken, Crabs', 'gOOD', '649173c0bcdf9.png'),
(76, 'lechon baboy1', 40, 'Pumice Food and Catering Services', 'Main Dish', 12000, 'test', '', '6497a622f405f.png');

-- --------------------------------------------------------

--
-- Table structure for table `tbl_orders`
--

CREATE TABLE `tbl_orders` (
  `id` int(11) NOT NULL,
  `user_id` int(11) NOT NULL,
  `name` varchar(100) NOT NULL,
  `restaurant` varchar(100) NOT NULL,
  `email` varchar(199) NOT NULL,
  `foodid` int(11) NOT NULL,
  `price` varchar(10) NOT NULL,
  `qty` varchar(2) NOT NULL,
  `rating` int(11) NOT NULL,
  `review` varchar(255) NOT NULL,
  `status` varchar(50) NOT NULL DEFAULT 'Rate me?',
  `date` datetime NOT NULL DEFAULT current_timestamp()
) ENGINE=InnoDB DEFAULT CHARSET=utf8mb4;

--
-- Dumping data for table `tbl_orders`
--

INSERT INTO `tbl_orders` (`id`, `user_id`, `name`, `restaurant`, `email`, `foodid`, `price`, `qty`, `rating`, `review`, `status`, `date`) VALUES
(55, 1, 'test', 'c', 'test@gmail.com', 23, '500', '4', 1, 'ewww', 'Already Rated!', '2023-06-18 14:46:30'),
(56, 1, 'test', 'Pumice Food and Catering Services', 'test@gmail.com', 21, '500', '3', 1, 'very tasty', 'Already Rated!', '2023-06-18 14:46:30'),
(57, 1, 'test', 'Pumice Food and Catering Services', 'test@gmail.com', 20, '500', '1', 5, 'VEryy tasty!!!', 'Already Rated!', '2023-06-18 14:47:33'),
(58, 1, 'test', 'Pumice Food and Catering Services', 'test@gmail.com', 21, '500', '1', 5, 'yummmyy', 'Already Rated!', '2023-06-18 14:51:00'),
(59, 1, 'test', 'Pumice Food and Catering Services', 'test@gmail.com', 20, '500', '1', 1, 'wowwwwwwwwwwwww', 'Already Rated!', '2023-06-18 14:57:48'),
(60, 1, 'test', 'Pumice Food and Catering Services', 'test@gmail.com', 24, '500', '1', 1, 'yummy', 'Already Rated!', '2023-06-18 14:59:51'),
(61, 1, 'test', 'Pumice Food and Catering Services', 'test@gmail.com', 22, '500', '1', 1, 'lamia sa chicken kebab ba', 'Already Rated!', '2023-06-18 17:00:34'),
(65, 1, 'test', 'Frostybites Garden Hall', 'test@gmail.com', 55, '60000', '1', 0, '', 'Rate me?', '2023-06-22 13:57:07'),
(66, 1, 'test', 'Frostybites Garden Hall', 'test@gmail.com', 56, '60000', '1', 0, '', 'Rate me?', '2023-06-22 14:02:39'),
(67, 1, 'test', 'Frostybites Garden Hall', 'test@gmail.com', 56, '60000', '1', 0, '', 'Rate me?', '2023-06-22 14:44:10'),
(68, 1, 'test', 'Frostybites Garden Hall', 'test@gmail.com', 57, '60000', '1', 0, '', 'Rate me?', '2023-06-22 14:44:10'),
(69, 1, 'test', 'Frostybites Garden Hall', 'test@gmail.com', 55, '60000', '1', 0, '', 'Rate me?', '2023-06-22 14:44:10'),
(70, 1, 'test', 'Frostybites Garden Hall', 'test@gmail.com', 56, '60000', '1', 0, '', 'Rate me?', '2023-06-22 15:32:36');

-- --------------------------------------------------------

--
-- Table structure for table `tbl_order_logs`
--

CREATE TABLE `tbl_order_logs` (
  `id` int(11) NOT NULL,
  `catering_id` int(11) NOT NULL,
  `restaurant` varchar(100) NOT NULL,
  `user` varchar(255) NOT NULL,
  `status` varchar(50) NOT NULL,
  `action` varchar(20) NOT NULL,
  `cdate` datetime NOT NULL
) ENGINE=InnoDB DEFAULT CHARSET=utf8mb4;

--
-- Dumping data for table `tbl_order_logs`
--

INSERT INTO `tbl_order_logs` (`id`, `catering_id`, `restaurant`, `user`, `status`, `action`, `cdate`) VALUES
(1, 84, 'dave`s restaurant', 'test', 'not approved', 'Updated', '2023-06-13 14:19:44'),
(2, 85, 'dave`s restaurant', 'test', 'Not yet approved', 'Updated', '2023-06-14 08:54:23'),
(3, 86, 'dave`s restaurant', 'test', 'Not yet approved', 'Updated', '2023-06-14 08:57:03'),
(4, 87, 'dave`s restaurant', 'test', 'Not yet approved', 'Updated', '2023-06-14 09:06:15'),
(5, 82, 'dave`s restaurant', 'test', 'canceled', 'Updated', '2023-06-14 11:56:08'),
(6, 88, 'dave`s restaurant', 'test', 'Not yet approved', 'Updated', '2023-06-14 12:03:02'),
(7, 89, 'dave`s restaurant', 'test', 'Not yet approved', 'Updated', '2023-06-14 12:14:42'),
(8, 87, 'dave`s restaurant', 'test', 'Not yet approved', 'Updated', '2023-06-14 12:15:03'),
(9, 86, 'dave`s restaurant', 'test', 'Not yet approved', 'Updated', '2023-06-14 12:15:16'),
(10, 85, 'dave`s restaurant', 'test', 'Not yet approved', 'Updated', '2023-06-14 12:15:28'),
(11, 84, 'dave`s restaurant', 'test', 'not approved', 'Updated', '2023-06-14 12:15:35'),
(12, 83, 'dave`s restaurant', 'test', 'canceled', 'Updated', '2023-06-14 12:15:43'),
(13, 82, 'dave`s restaurant', 'test', 'canceled', 'Updated', '2023-06-14 12:15:49'),
(14, 82, 'dave`s restaurant', 'test', 'canceled', 'Updated', '2023-06-14 12:15:54'),
(15, 82, 'dave`s restaurant', 'test', 'canceled', 'Updated', '2023-06-14 12:16:00'),
(16, 90, '23232', 'test', 'Not yet approved', 'Updated', '2023-06-14 12:17:14'),
(17, 91, 'dave`s restaurant', 'test', 'Not yet approved', 'Updated', '2023-06-16 14:15:23'),
(18, 92, 'dave`s restaurant', 'test', 'Not yet approved', 'Updated', '2023-06-17 12:01:32'),
(19, 90, '23232', 'test', 'approved', 'Updated', '2023-06-17 12:16:29'),
(20, 90, '23232', 'test', 'down_payment', 'Updated', '2023-06-17 12:40:31'),
(21, 90, '23232', 'test', 'Not yet approved', 'Updated', '2023-06-17 13:22:21'),
(22, 90, '23232', 'test', 'down_payment', 'Updated', '2023-06-17 13:24:52'),
(23, 90, '23232', 'test', 'full_payment', 'Updated', '2023-06-17 15:00:26'),
(24, 90, '23232', 'test', 'full_payment', 'Updated', '2023-06-17 15:00:39'),
(25, 93, '23232', 'test', 'Not yet approved', 'Updated', '2023-06-17 15:08:35'),
(26, 94, '23232', 'test', 'Not yet approved', 'Updated', '2023-06-17 15:09:04'),
(27, 95, '23232', 'test', 'Not yet approved', 'Updated', '2023-06-17 15:09:34'),
(28, 96, '23232', 'test', 'Not yet approved', 'Updated', '2023-06-17 15:10:00'),
(29, 97, 'dave`s restaurant', 'test', 'Not yet approved', 'Updated', '2023-06-17 16:09:57'),
(30, 98, 'Pumice Food and Catering Services', 'test', 'Not yet approved', 'Updated', '2023-06-17 17:00:07'),
(31, 98, 'Pumice Food and Catering Services', 'test', 'approved', 'Updated', '2023-06-17 17:01:08'),
(32, 98, 'Pumice Food and Catering Services', 'test', 'down_payment', 'Updated', '2023-06-17 17:01:29'),
(33, 99, 'Pumice Food and Catering Services', 'Pumice', 'Not yet approved', 'Updated', '2023-06-17 17:26:11'),
(34, 100, 'Pumice Food and Catering Services', 'test', 'Not yet approved', 'Updated', '2023-06-18 10:06:24'),
(35, 100, 'Pumice Food and Catering Services', 'test', 'approved', 'Updated', '2023-06-18 10:07:43'),
(36, 100, 'Pumice Food and Catering Services', 'test', 'down_payment', 'Updated', '2023-06-18 10:40:42'),
(37, 100, 'Pumice Food and Catering Services', 'test', 'Not yet approved', 'Updated', '2023-06-18 10:47:33'),
(38, 100, 'Pumice Food and Catering Services', 'test', 'approved', 'Updated', '2023-06-18 10:47:50'),
(39, 100, 'Pumice Food and Catering Services', 'test', 'Full_payment', 'Updated', '2023-06-18 11:13:08'),
(40, 100, 'Pumice Food and Catering Services', 'test', 'approved', 'Updated', '2023-06-18 11:13:55'),
(41, 100, 'Pumice Food and Catering Services', 'test', 'Full_payment', 'Updated', '2023-06-18 11:13:59'),
(42, 100, 'Pumice Food and Catering Services', 'test', 'approved', 'Updated', '2023-06-18 11:14:39'),
(43, 100, 'Pumice Food and Catering Services', 'test', 'Full_payment', 'Updated', '2023-06-18 11:14:42'),
(44, 100, 'Pumice Food and Catering Services', 'test', 'approved', 'Updated', '2023-06-18 11:16:37'),
(45, 100, 'Pumice Food and Catering Services', 'test', 'Full_payment', 'Updated', '2023-06-18 11:16:40'),
(46, 100, 'Pumice Food and Catering Services', 'test', 'approved', 'Updated', '2023-06-18 11:20:23'),
(47, 100, 'Pumice Food and Catering Services', 'test', 'Full_payment', 'Updated', '2023-06-18 11:24:32'),
(48, 100, 'Pumice Food and Catering Services', 'test', 'approved', 'Updated', '2023-06-18 11:24:51'),
(49, 100, 'Pumice Food and Catering Services', 'test', 'Full_payment', 'Updated', '2023-06-18 11:24:53'),
(50, 100, 'Pumice Food and Catering Services', 'test', 'approved', 'Updated', '2023-06-18 11:31:40'),
(51, 100, 'Pumice Food and Catering Services', 'test', 'Full_payment', 'Updated', '2023-06-18 11:31:44'),
(52, 100, 'Pumice Food and Catering Services', 'test', 'approved', 'Updated', '2023-06-18 11:39:18'),
(53, 100, 'Pumice Food and Catering Services', 'test', 'Full_payment', 'Updated', '2023-06-18 11:39:22'),
(54, 100, 'Pumice Food and Catering Services', 'test', 'approved', 'Updated', '2023-06-18 11:39:45'),
(55, 100, 'Pumice Food and Catering Services', 'test', 'Full_payment', 'Updated', '2023-06-18 11:39:53'),
(56, 100, 'Pumice Food and Catering Services', 'test', 'approved', 'Updated', '2023-06-18 11:43:56'),
(57, 100, 'Pumice Food and Catering Services', 'test', 'Full_payment', 'Updated', '2023-06-18 11:44:00'),
(58, 100, 'Pumice Food and Catering Services', 'test', 'approved', 'Updated', '2023-06-18 11:44:43'),
(59, 100, 'Pumice Food and Catering Services', 'test', 'Full_payment', 'Updated', '2023-06-18 11:44:51'),
(60, 100, 'Pumice Food and Catering Services', 'test', 'approved', 'Updated', '2023-06-18 11:45:37'),
(61, 100, 'Pumice Food and Catering Services', 'test', 'Full_payment', 'Updated', '2023-06-18 11:45:42'),
(62, 100, 'Pumice Food and Catering Services', 'test', 'approved', 'Updated', '2023-06-18 11:50:19'),
(63, 100, 'Pumice Food and Catering Services', 'test', 'Full_payment', 'Updated', '2023-06-18 11:50:25'),
(64, 100, 'Pumice Food and Catering Services', 'test', 'approved', 'Updated', '2023-06-18 11:57:16'),
(65, 100, 'Pumice Food and Catering Services', 'test', 'Full_payment', 'Updated', '2023-06-18 11:57:19'),
(66, 100, 'Pumice Food and Catering Services', 'test', 'approved', 'Updated', '2023-06-18 12:01:00'),
(67, 100, 'Pumice Food and Catering Services', 'test', 'Full_payment', 'Updated', '2023-06-18 12:09:45'),
(68, 100, 'Pumice Food and Catering Services', 'test', 'approved', 'Updated', '2023-06-18 12:11:50'),
(69, 100, 'Pumice Food and Catering Services', 'test', 'Full_payment', 'Updated', '2023-06-18 12:25:36'),
(70, 100, 'Pumice Food and Catering Services', 'test', 'approved', 'Updated', '2023-06-18 12:26:23'),
(71, 100, 'Pumice Food and Catering Services', 'test', 'Full_payment', 'Updated', '2023-06-18 12:26:24'),
(72, 100, 'Pumice Food and Catering Services', 'test', 'Full_payment', 'Updated', '2023-06-18 12:27:51'),
(73, 100, 'Pumice Food and Catering Services', 'test', 'Full_payment', 'Updated', '2023-06-18 12:29:04'),
(74, 100, 'Pumice Food and Catering Services', 'test', 'Full_payment', 'Updated', '2023-06-18 12:29:05'),
(75, 100, 'Pumice Food and Catering Services', 'test', 'Full_payment', 'Updated', '2023-06-18 12:29:06'),
(76, 100, 'Pumice Food and Catering Services', 'test', 'Full_payment', 'Updated', '2023-06-18 12:29:06'),
(77, 100, 'Pumice Food and Catering Services', 'test', 'Full_payment', 'Updated', '2023-06-18 12:29:07'),
(78, 100, 'Pumice Food and Catering Services', 'test', 'Full_payment', 'Updated', '2023-06-18 12:29:07'),
(79, 100, 'Pumice Food and Catering Services', 'test', 'Full_payment', 'Updated', '2023-06-18 12:29:08'),
(80, 100, 'Pumice Food and Catering Services', 'test', 'Full_payment', 'Updated', '2023-06-18 12:29:08'),
(81, 100, 'Pumice Food and Catering Services', 'test', 'approved', 'Updated', '2023-06-18 12:30:22'),
(82, 100, 'Pumice Food and Catering Services', 'test', 'Full_payment', 'Updated', '2023-06-18 12:30:25'),
(83, 100, 'Pumice Food and Catering Services', 'test', 'Full_payment', 'Updated', '2023-06-18 12:30:50'),
(84, 100, 'Pumice Food and Catering Services', 'test', 'approved', 'Updated', '2023-06-18 12:32:15'),
(85, 100, 'Pumice Food and Catering Services', 'test', 'Full_payment', 'Updated', '2023-06-18 12:32:36'),
(86, 100, 'Pumice Food and Catering Services', 'test', 'approved', 'Updated', '2023-06-18 12:34:21'),
(87, 100, 'Pumice Food and Catering Services', 'test', 'Full_payment', 'Updated', '2023-06-18 12:40:54'),
(88, 100, 'Pumice Food and Catering Services', 'test', 'Full_payment', 'Updated', '2023-06-18 12:41:01'),
(89, 100, 'Pumice Food and Catering Services', 'test', 'approved', 'Updated', '2023-06-18 12:41:44'),
(90, 100, 'Pumice Food and Catering Services', 'test', 'Full_payment', 'Updated', '2023-06-18 12:44:33'),
(91, 100, 'Pumice Food and Catering Services', 'test', 'Full_payment', 'Updated', '2023-06-18 12:46:36'),
(92, 100, 'Pumice Food and Catering Services', 'test', 'approved', 'Updated', '2023-06-18 12:47:21'),
(93, 100, 'Pumice Food and Catering Services', 'test', 'Full_payment', 'Updated', '2023-06-18 12:49:26'),
(94, 100, 'Pumice Food and Catering Services', 'test', 'Full_payment', 'Updated', '2023-06-18 12:49:36'),
(95, 100, 'Pumice Food and Catering Services', 'test', 'approved', 'Updated', '2023-06-18 13:17:37'),
(96, 100, 'Pumice Food and Catering Services', 'test', 'Full_payment', 'Updated', '2023-06-18 14:02:20'),
(97, 100, 'Pumice Food and Catering Services', 'test', 'Full_payment', 'Updated', '2023-06-18 14:02:55'),
(98, 100, 'Pumice Food and Catering Services', 'test', 'approved', 'Updated', '2023-06-18 14:04:05'),
(99, 100, 'Pumice Food and Catering Services', 'test', 'Full_payment', 'Updated', '2023-06-18 14:04:18'),
(100, 100, 'Pumice Food and Catering Services', 'test', 'Full_payment', 'Updated', '2023-06-18 14:04:31'),
(101, 100, 'Pumice Food and Catering Services', 'test', 'approved', 'Updated', '2023-06-18 14:08:01'),
(102, 100, 'Pumice Food and Catering Services', 'test', 'Full_payment', 'Updated', '2023-06-18 14:08:14'),
(103, 100, 'Pumice Food and Catering Services', 'test', 'approved', 'Updated', '2023-06-18 14:09:48'),
(104, 100, 'Pumice Food and Catering Services', 'test', 'Full_payment', 'Updated', '2023-06-18 14:09:59'),
(105, 100, 'Pumice Food and Catering Services', 'test', 'approved', 'Updated', '2023-06-18 14:10:24'),
(106, 100, 'Pumice Food and Catering Services', 'test', 'Full_payment', 'Updated', '2023-06-18 14:15:36'),
(107, 100, 'Pumice Food and Catering Services', 'test', 'approved', 'Updated', '2023-06-18 14:16:41'),
(108, 100, 'Pumice Food and Catering Services', 'test', 'Full_payment', 'Updated', '2023-06-18 14:18:51'),
(109, 101, 'Pumice Food and Catering Services', 'test', 'full_payment', 'Updated', '2023-06-18 14:34:04'),
(110, 102, 'Pumice Food and Catering Services', 'test', 'full_payment', 'Updated', '2023-06-18 14:36:25'),
(111, 103, 'Pumice Food and Catering Services', 'test', 'full_payment', 'Updated', '2023-06-18 14:46:30'),
(112, 104, 'Pumice Food and Catering Services', 'test', 'full_payment', 'Updated', '2023-06-18 14:47:33'),
(113, 105, 'Pumice Food and Catering Services', 'test', 'full_payment', 'Updated', '2023-06-18 14:51:00'),
(114, 106, 'Pumice Food and Catering Services', 'test', 'full_payment', 'Updated', '2023-06-18 14:57:48'),
(115, 107, 'Pumice Food and Catering Services', 'test', 'full_payment', 'Updated', '2023-06-18 14:59:51'),
(116, 108, 'Pumice Food and Catering Services', 'test', 'full_payment', 'Updated', '2023-06-18 17:00:34'),
(117, 108, 'Pumice Food and Catering Services', 'test', 'approved', 'Updated', '2023-06-18 17:21:30'),
(118, 108, 'Pumice Food and Catering Services', 'test', 'approved', 'Updated', '2023-06-18 17:22:25'),
(119, 108, 'Pumice Food and Catering Services', 'test', 'Delivered', 'Updated', '2023-06-18 17:22:28'),
(120, 108, 'Pumice Food and Catering Services', 'test', 'Delivered', 'Updated', '2023-06-18 17:22:57'),
(121, 105, 'Pumice Food and Catering Services', 'test', 'full_payment', 'Updated', '2023-06-18 17:43:44'),
(122, 105, 'Pumice Food and Catering Services', 'test', 'full_payment', 'Updated', '2023-06-18 17:44:12'),
(123, 103, 'Pumice Food and Catering Services', 'test', 'full_payment', 'Updated', '2023-06-18 17:44:50'),
(124, 104, 'Pumice Food and Catering Services', 'test', 'full_payment', 'Updated', '2023-06-18 17:44:55'),
(125, 106, 'Pumice Food and Catering Services', 'test', 'full_payment', 'Updated', '2023-06-18 17:45:01'),
(126, 107, 'Pumice Food and Catering Services', 'test', 'full_payment', 'Updated', '2023-06-18 17:45:05'),
(127, 108, 'Pumice Food and Catering Services', 'test', 'Delivered', 'Updated', '2023-06-18 17:45:12'),
(128, 108, 'Pumice Food and Catering Services', 'test', 'Delivered', 'Updated', '2023-06-18 17:45:37'),
(129, 109, 'dave`s restaurant', 'test', 'full_payment', 'Updated', '2023-06-18 17:59:53'),
(130, 106, 'Pumice Food and Catering Services', 'test', 'Canceled', 'Updated', '2023-06-20 05:21:54'),
(131, 110, 'dave`s restaurant', 'test', 'full_payment', 'Updated', '2023-06-20 08:11:30'),
(132, 111, 'dave`s restaurant', 'test', 'full_payment', 'Updated', '2023-06-20 08:53:08'),
(133, 108, 'Pumice Food and Catering Services', 'test', 'approved', 'Updated', '2023-06-22 13:11:13'),
(134, 107, 'Pumice Food and Catering Services', 'test', 'approved', 'Updated', '2023-06-22 13:11:14'),
(135, 106, 'Pumice Food and Catering Services', 'test', 'approved', 'Updated', '2023-06-22 13:11:14'),
(136, 105, 'Pumice Food and Catering Services', 'test', 'approved', 'Updated', '2023-06-22 13:11:14'),
(137, 104, 'Pumice Food and Catering Services', 'test', 'approved', 'Updated', '2023-06-22 13:11:14'),
(138, 103, 'Pumice Food and Catering Services', 'test', 'approved', 'Updated', '2023-06-22 13:11:14'),
(139, 108, 'Pumice Food and Catering Services', 'test', 'approved', 'Updated', '2023-06-22 13:11:20'),
(140, 107, 'Pumice Food and Catering Services', 'test', 'approved', 'Updated', '2023-06-22 13:11:20'),
(141, 106, 'Pumice Food and Catering Services', 'test', 'approved', 'Updated', '2023-06-22 13:11:20'),
(142, 105, 'Pumice Food and Catering Services', 'test', 'approved', 'Updated', '2023-06-22 13:11:20'),
(143, 104, 'Pumice Food and Catering Services', 'test', 'approved', 'Updated', '2023-06-22 13:11:20'),
(144, 103, 'Pumice Food and Catering Services', 'test', 'approved', 'Updated', '2023-06-22 13:11:20'),
(145, 108, 'Pumice Food and Catering Services', 'test', 'approved', 'Updated', '2023-06-22 13:11:25'),
(146, 107, 'Pumice Food and Catering Services', 'test', 'approved', 'Updated', '2023-06-22 13:11:25'),
(147, 106, 'Pumice Food and Catering Services', 'test', 'approved', 'Updated', '2023-06-22 13:11:25'),
(148, 105, 'Pumice Food and Catering Services', 'test', 'approved', 'Updated', '2023-06-22 13:11:25'),
(149, 104, 'Pumice Food and Catering Services', 'test', 'approved', 'Updated', '2023-06-22 13:11:25'),
(150, 103, 'Pumice Food and Catering Services', 'test', 'approved', 'Updated', '2023-06-22 13:11:25'),
(151, 108, 'Pumice Food and Catering Services', 'test', 'Delivered', 'Updated', '2023-06-22 13:11:34'),
(152, 108, 'Pumice Food and Catering Services', 'test', 'approved', 'Updated', '2023-06-22 13:11:38'),
(153, 107, 'Pumice Food and Catering Services', 'test', 'approved', 'Updated', '2023-06-22 13:11:38'),
(154, 106, 'Pumice Food and Catering Services', 'test', 'approved', 'Updated', '2023-06-22 13:11:38'),
(155, 105, 'Pumice Food and Catering Services', 'test', 'approved', 'Updated', '2023-06-22 13:11:38'),
(156, 104, 'Pumice Food and Catering Services', 'test', 'approved', 'Updated', '2023-06-22 13:11:38'),
(157, 103, 'Pumice Food and Catering Services', 'test', 'approved', 'Updated', '2023-06-22 13:11:38'),
(158, 108, 'Pumice Food and Catering Services', 'test', 'approved', 'Updated', '2023-06-22 13:11:42'),
(159, 107, 'Pumice Food and Catering Services', 'test', 'approved', 'Updated', '2023-06-22 13:11:42'),
(160, 106, 'Pumice Food and Catering Services', 'test', 'approved', 'Updated', '2023-06-22 13:11:42'),
(161, 105, 'Pumice Food and Catering Services', 'test', 'approved', 'Updated', '2023-06-22 13:11:42'),
(162, 104, 'Pumice Food and Catering Services', 'test', 'approved', 'Updated', '2023-06-22 13:11:42'),
(163, 103, 'Pumice Food and Catering Services', 'test', 'approved', 'Updated', '2023-06-22 13:11:42'),
(164, 108, 'Pumice Food and Catering Services', 'test', 'Delivered', 'Updated', '2023-06-22 13:11:51'),
(165, 108, 'Pumice Food and Catering Services', 'test', 'approved', 'Updated', '2023-06-22 13:11:56'),
(166, 107, 'Pumice Food and Catering Services', 'test', 'approved', 'Updated', '2023-06-22 13:11:56'),
(167, 106, 'Pumice Food and Catering Services', 'test', 'approved', 'Updated', '2023-06-22 13:11:56'),
(168, 105, 'Pumice Food and Catering Services', 'test', 'approved', 'Updated', '2023-06-22 13:11:56'),
(169, 104, 'Pumice Food and Catering Services', 'test', 'approved', 'Updated', '2023-06-22 13:11:56'),
(170, 103, 'Pumice Food and Catering Services', 'test', 'approved', 'Updated', '2023-06-22 13:11:56'),
(171, 108, 'Pumice Food and Catering Services', 'test', 'approved', 'Updated', '2023-06-22 13:13:30'),
(172, 107, 'Pumice Food and Catering Services', 'test', 'approved', 'Updated', '2023-06-22 13:13:30'),
(173, 106, 'Pumice Food and Catering Services', 'test', 'approved', 'Updated', '2023-06-22 13:13:30'),
(174, 105, 'Pumice Food and Catering Services', 'test', 'approved', 'Updated', '2023-06-22 13:13:30'),
(175, 104, 'Pumice Food and Catering Services', 'test', 'approved', 'Updated', '2023-06-22 13:13:30'),
(176, 103, 'Pumice Food and Catering Services', 'test', 'approved', 'Updated', '2023-06-22 13:13:30'),
(177, 108, 'Pumice Food and Catering Services', 'test', 'approved', 'Updated', '2023-06-22 13:13:54'),
(178, 107, 'Pumice Food and Catering Services', 'test', 'approved', 'Updated', '2023-06-22 13:13:54'),
(179, 106, 'Pumice Food and Catering Services', 'test', 'approved', 'Updated', '2023-06-22 13:13:54'),
(180, 105, 'Pumice Food and Catering Services', 'test', 'approved', 'Updated', '2023-06-22 13:13:54'),
(181, 104, 'Pumice Food and Catering Services', 'test', 'approved', 'Updated', '2023-06-22 13:13:54'),
(182, 103, 'Pumice Food and Catering Services', 'test', 'approved', 'Updated', '2023-06-22 13:13:54'),
(183, 108, 'Pumice Food and Catering Services', 'test', 'approved', 'Updated', '2023-06-22 13:14:45'),
(184, 107, 'Pumice Food and Catering Services', 'test', 'approved', 'Updated', '2023-06-22 13:14:45'),
(185, 106, 'Pumice Food and Catering Services', 'test', 'approved', 'Updated', '2023-06-22 13:14:45'),
(186, 105, 'Pumice Food and Catering Services', 'test', 'approved', 'Updated', '2023-06-22 13:14:45'),
(187, 104, 'Pumice Food and Catering Services', 'test', 'approved', 'Updated', '2023-06-22 13:14:45'),
(188, 103, 'Pumice Food and Catering Services', 'test', 'approved', 'Updated', '2023-06-22 13:14:45'),
(189, 108, 'Pumice Food and Catering Services', 'test', 'approved', 'Updated', '2023-06-22 13:15:05'),
(190, 107, 'Pumice Food and Catering Services', 'test', 'approved', 'Updated', '2023-06-22 13:15:05'),
(191, 106, 'Pumice Food and Catering Services', 'test', 'approved', 'Updated', '2023-06-22 13:15:05'),
(192, 105, 'Pumice Food and Catering Services', 'test', 'approved', 'Updated', '2023-06-22 13:15:05'),
(193, 104, 'Pumice Food and Catering Services', 'test', 'approved', 'Updated', '2023-06-22 13:15:05'),
(194, 103, 'Pumice Food and Catering Services', 'test', 'approved', 'Updated', '2023-06-22 13:15:05'),
(195, 108, 'Pumice Food and Catering Services', 'test', 'approved', 'Updated', '2023-06-22 13:15:56'),
(196, 107, 'Pumice Food and Catering Services', 'test', 'approved', 'Updated', '2023-06-22 13:15:56'),
(197, 106, 'Pumice Food and Catering Services', 'test', 'approved', 'Updated', '2023-06-22 13:15:56'),
(198, 105, 'Pumice Food and Catering Services', 'test', 'approved', 'Updated', '2023-06-22 13:15:56'),
(199, 104, 'Pumice Food and Catering Services', 'test', 'approved', 'Updated', '2023-06-22 13:15:56'),
(200, 103, 'Pumice Food and Catering Services', 'test', 'approved', 'Updated', '2023-06-22 13:15:56'),
(201, 108, 'Pumice Food and Catering Services', 'test', 'approved', 'Updated', '2023-06-22 13:15:58'),
(202, 107, 'Pumice Food and Catering Services', 'test', 'approved', 'Updated', '2023-06-22 13:15:58'),
(203, 106, 'Pumice Food and Catering Services', 'test', 'approved', 'Updated', '2023-06-22 13:15:58'),
(204, 105, 'Pumice Food and Catering Services', 'test', 'approved', 'Updated', '2023-06-22 13:15:58'),
(205, 104, 'Pumice Food and Catering Services', 'test', 'approved', 'Updated', '2023-06-22 13:15:58'),
(206, 103, 'Pumice Food and Catering Services', 'test', 'approved', 'Updated', '2023-06-22 13:15:58'),
(207, 108, 'Pumice Food and Catering Services', 'test', 'approved', 'Updated', '2023-06-22 13:16:00'),
(208, 107, 'Pumice Food and Catering Services', 'test', 'approved', 'Updated', '2023-06-22 13:16:00'),
(209, 106, 'Pumice Food and Catering Services', 'test', 'approved', 'Updated', '2023-06-22 13:16:00'),
(210, 105, 'Pumice Food and Catering Services', 'test', 'approved', 'Updated', '2023-06-22 13:16:00'),
(211, 104, 'Pumice Food and Catering Services', 'test', 'approved', 'Updated', '2023-06-22 13:16:00'),
(212, 103, 'Pumice Food and Catering Services', 'test', 'approved', 'Updated', '2023-06-22 13:16:00'),
(213, 106, 'Pumice Food and Catering Services', 'test', 'Delivered', 'Updated', '2023-06-22 13:16:04'),
(214, 108, 'Pumice Food and Catering Services', 'test', 'approved', 'Updated', '2023-06-22 13:16:07'),
(215, 107, 'Pumice Food and Catering Services', 'test', 'approved', 'Updated', '2023-06-22 13:16:07'),
(216, 106, 'Pumice Food and Catering Services', 'test', 'approved', 'Updated', '2023-06-22 13:16:07'),
(217, 105, 'Pumice Food and Catering Services', 'test', 'approved', 'Updated', '2023-06-22 13:16:07'),
(218, 104, 'Pumice Food and Catering Services', 'test', 'approved', 'Updated', '2023-06-22 13:16:07'),
(219, 103, 'Pumice Food and Catering Services', 'test', 'approved', 'Updated', '2023-06-22 13:16:07'),
(220, 108, 'Pumice Food and Catering Services', 'test', 'approved', 'Updated', '2023-06-22 13:16:20'),
(221, 107, 'Pumice Food and Catering Services', 'test', 'approved', 'Updated', '2023-06-22 13:16:20'),
(222, 106, 'Pumice Food and Catering Services', 'test', 'approved', 'Updated', '2023-06-22 13:16:20'),
(223, 105, 'Pumice Food and Catering Services', 'test', 'approved', 'Updated', '2023-06-22 13:16:20'),
(224, 104, 'Pumice Food and Catering Services', 'test', 'approved', 'Updated', '2023-06-22 13:16:20'),
(225, 103, 'Pumice Food and Catering Services', 'test', 'approved', 'Updated', '2023-06-22 13:16:21'),
(226, 108, 'Pumice Food and Catering Services', 'test', 'approved', 'Updated', '2023-06-22 13:16:22'),
(227, 107, 'Pumice Food and Catering Services', 'test', 'approved', 'Updated', '2023-06-22 13:16:22'),
(228, 106, 'Pumice Food and Catering Services', 'test', 'approved', 'Updated', '2023-06-22 13:16:22'),
(229, 105, 'Pumice Food and Catering Services', 'test', 'approved', 'Updated', '2023-06-22 13:16:22'),
(230, 104, 'Pumice Food and Catering Services', 'test', 'approved', 'Updated', '2023-06-22 13:16:22'),
(231, 103, 'Pumice Food and Catering Services', 'test', 'approved', 'Updated', '2023-06-22 13:16:22'),
(232, 108, 'Pumice Food and Catering Services', 'test', 'approved', 'Updated', '2023-06-22 13:17:24'),
(233, 107, 'Pumice Food and Catering Services', 'test', 'approved', 'Updated', '2023-06-22 13:17:24'),
(234, 106, 'Pumice Food and Catering Services', 'test', 'approved', 'Updated', '2023-06-22 13:17:24'),
(235, 105, 'Pumice Food and Catering Services', 'test', 'approved', 'Updated', '2023-06-22 13:17:24'),
(236, 104, 'Pumice Food and Catering Services', 'test', 'approved', 'Updated', '2023-06-22 13:17:24'),
(237, 103, 'Pumice Food and Catering Services', 'test', 'approved', 'Updated', '2023-06-22 13:17:24'),
(238, 108, 'Pumice Food and Catering Services', 'test', 'approved', 'Updated', '2023-06-22 13:17:26'),
(239, 107, 'Pumice Food and Catering Services', 'test', 'approved', 'Updated', '2023-06-22 13:17:26'),
(240, 106, 'Pumice Food and Catering Services', 'test', 'approved', 'Updated', '2023-06-22 13:17:26'),
(241, 105, 'Pumice Food and Catering Services', 'test', 'approved', 'Updated', '2023-06-22 13:17:26'),
(242, 104, 'Pumice Food and Catering Services', 'test', 'approved', 'Updated', '2023-06-22 13:17:26'),
(243, 103, 'Pumice Food and Catering Services', 'test', 'approved', 'Updated', '2023-06-22 13:17:26'),
(244, 108, 'Pumice Food and Catering Services', 'test', 'approved', 'Updated', '2023-06-22 13:17:28'),
(245, 107, 'Pumice Food and Catering Services', 'test', 'approved', 'Updated', '2023-06-22 13:17:28'),
(246, 106, 'Pumice Food and Catering Services', 'test', 'approved', 'Updated', '2023-06-22 13:17:28'),
(247, 105, 'Pumice Food and Catering Services', 'test', 'approved', 'Updated', '2023-06-22 13:17:28'),
(248, 104, 'Pumice Food and Catering Services', 'test', 'approved', 'Updated', '2023-06-22 13:17:28'),
(249, 103, 'Pumice Food and Catering Services', 'test', 'approved', 'Updated', '2023-06-22 13:17:28'),
(250, 108, 'Pumice Food and Catering Services', 'test', 'approved', 'Updated', '2023-06-22 13:17:29'),
(251, 107, 'Pumice Food and Catering Services', 'test', 'approved', 'Updated', '2023-06-22 13:17:29'),
(252, 106, 'Pumice Food and Catering Services', 'test', 'approved', 'Updated', '2023-06-22 13:17:30'),
(253, 105, 'Pumice Food and Catering Services', 'test', 'approved', 'Updated', '2023-06-22 13:17:30'),
(254, 104, 'Pumice Food and Catering Services', 'test', 'approved', 'Updated', '2023-06-22 13:17:30'),
(255, 103, 'Pumice Food and Catering Services', 'test', 'approved', 'Updated', '2023-06-22 13:17:30'),
(256, 108, 'Pumice Food and Catering Services', 'test', 'approved', 'Updated', '2023-06-22 13:17:31'),
(257, 107, 'Pumice Food and Catering Services', 'test', 'approved', 'Updated', '2023-06-22 13:17:31'),
(258, 106, 'Pumice Food and Catering Services', 'test', 'approved', 'Updated', '2023-06-22 13:17:31'),
(259, 105, 'Pumice Food and Catering Services', 'test', 'approved', 'Updated', '2023-06-22 13:17:31'),
(260, 104, 'Pumice Food and Catering Services', 'test', 'approved', 'Updated', '2023-06-22 13:17:31'),
(261, 103, 'Pumice Food and Catering Services', 'test', 'approved', 'Updated', '2023-06-22 13:17:31'),
(262, 108, 'Pumice Food and Catering Services', 'test', 'Delivered', 'Updated', '2023-06-22 13:19:17'),
(263, 108, 'Pumice Food and Catering Services', 'test', 'approved', 'Updated', '2023-06-22 13:19:21'),
(264, 107, 'Pumice Food and Catering Services', 'test', 'approved', 'Updated', '2023-06-22 13:19:21'),
(265, 106, 'Pumice Food and Catering Services', 'test', 'approved', 'Updated', '2023-06-22 13:19:21'),
(266, 105, 'Pumice Food and Catering Services', 'test', 'approved', 'Updated', '2023-06-22 13:19:21'),
(267, 104, 'Pumice Food and Catering Services', 'test', 'approved', 'Updated', '2023-06-22 13:19:21'),
(268, 103, 'Pumice Food and Catering Services', 'test', 'approved', 'Updated', '2023-06-22 13:19:21'),
(269, 108, 'Pumice Food and Catering Services', 'test', 'approved', 'Updated', '2023-06-22 13:19:22'),
(270, 107, 'Pumice Food and Catering Services', 'test', 'approved', 'Updated', '2023-06-22 13:19:23'),
(271, 106, 'Pumice Food and Catering Services', 'test', 'approved', 'Updated', '2023-06-22 13:19:23'),
(272, 105, 'Pumice Food and Catering Services', 'test', 'approved', 'Updated', '2023-06-22 13:19:23'),
(273, 104, 'Pumice Food and Catering Services', 'test', 'approved', 'Updated', '2023-06-22 13:19:23'),
(274, 103, 'Pumice Food and Catering Services', 'test', 'approved', 'Updated', '2023-06-22 13:19:23'),
(275, 108, 'Pumice Food and Catering Services', 'test', 'approved', 'Updated', '2023-06-22 13:19:24'),
(276, 107, 'Pumice Food and Catering Services', 'test', 'approved', 'Updated', '2023-06-22 13:19:24'),
(277, 106, 'Pumice Food and Catering Services', 'test', 'approved', 'Updated', '2023-06-22 13:19:24'),
(278, 105, 'Pumice Food and Catering Services', 'test', 'approved', 'Updated', '2023-06-22 13:19:24'),
(279, 104, 'Pumice Food and Catering Services', 'test', 'approved', 'Updated', '2023-06-22 13:19:24'),
(280, 103, 'Pumice Food and Catering Services', 'test', 'approved', 'Updated', '2023-06-22 13:19:24'),
(281, 108, 'Pumice Food and Catering Services', 'test', 'approved', 'Updated', '2023-06-22 13:19:26'),
(282, 107, 'Pumice Food and Catering Services', 'test', 'approved', 'Updated', '2023-06-22 13:19:26'),
(283, 106, 'Pumice Food and Catering Services', 'test', 'approved', 'Updated', '2023-06-22 13:19:26'),
(284, 105, 'Pumice Food and Catering Services', 'test', 'approved', 'Updated', '2023-06-22 13:19:26'),
(285, 104, 'Pumice Food and Catering Services', 'test', 'approved', 'Updated', '2023-06-22 13:19:26'),
(286, 103, 'Pumice Food and Catering Services', 'test', 'approved', 'Updated', '2023-06-22 13:19:26'),
(287, 108, 'Pumice Food and Catering Services', 'test', 'approved', 'Updated', '2023-06-22 13:19:27'),
(288, 107, 'Pumice Food and Catering Services', 'test', 'approved', 'Updated', '2023-06-22 13:19:27'),
(289, 106, 'Pumice Food and Catering Services', 'test', 'approved', 'Updated', '2023-06-22 13:19:27'),
(290, 105, 'Pumice Food and Catering Services', 'test', 'approved', 'Updated', '2023-06-22 13:19:27'),
(291, 104, 'Pumice Food and Catering Services', 'test', 'approved', 'Updated', '2023-06-22 13:19:27'),
(292, 103, 'Pumice Food and Catering Services', 'test', 'approved', 'Updated', '2023-06-22 13:19:27'),
(293, 108, 'Pumice Food and Catering Services', 'test', 'approved', 'Updated', '2023-06-22 13:19:28'),
(294, 107, 'Pumice Food and Catering Services', 'test', 'approved', 'Updated', '2023-06-22 13:19:28'),
(295, 106, 'Pumice Food and Catering Services', 'test', 'approved', 'Updated', '2023-06-22 13:19:28'),
(296, 105, 'Pumice Food and Catering Services', 'test', 'approved', 'Updated', '2023-06-22 13:19:28'),
(297, 104, 'Pumice Food and Catering Services', 'test', 'approved', 'Updated', '2023-06-22 13:19:28'),
(298, 103, 'Pumice Food and Catering Services', 'test', 'approved', 'Updated', '2023-06-22 13:19:28'),
(299, 108, 'Pumice Food and Catering Services', 'test', 'approved', 'Updated', '2023-06-22 13:19:28'),
(300, 107, 'Pumice Food and Catering Services', 'test', 'approved', 'Updated', '2023-06-22 13:19:29'),
(301, 106, 'Pumice Food and Catering Services', 'test', 'approved', 'Updated', '2023-06-22 13:19:29'),
(302, 105, 'Pumice Food and Catering Services', 'test', 'approved', 'Updated', '2023-06-22 13:19:29'),
(303, 104, 'Pumice Food and Catering Services', 'test', 'approved', 'Updated', '2023-06-22 13:19:29'),
(304, 103, 'Pumice Food and Catering Services', 'test', 'approved', 'Updated', '2023-06-22 13:19:29'),
(305, 108, 'Pumice Food and Catering Services', 'test', 'approved', 'Updated', '2023-06-22 13:19:30'),
(306, 107, 'Pumice Food and Catering Services', 'test', 'approved', 'Updated', '2023-06-22 13:19:30'),
(307, 106, 'Pumice Food and Catering Services', 'test', 'approved', 'Updated', '2023-06-22 13:19:30'),
(308, 105, 'Pumice Food and Catering Services', 'test', 'approved', 'Updated', '2023-06-22 13:19:30'),
(309, 104, 'Pumice Food and Catering Services', 'test', 'approved', 'Updated', '2023-06-22 13:19:31'),
(310, 103, 'Pumice Food and Catering Services', 'test', 'approved', 'Updated', '2023-06-22 13:19:31'),
(311, 108, 'Pumice Food and Catering Services', 'test', 'approved', 'Updated', '2023-06-22 13:20:31'),
(312, 108, 'Pumice Food and Catering Services', 'test', 'approved', 'Updated', '2023-06-22 13:20:52'),
(313, 107, 'Pumice Food and Catering Services', 'test', 'approved', 'Updated', '2023-06-22 13:20:52'),
(314, 106, 'Pumice Food and Catering Services', 'test', 'approved', 'Updated', '2023-06-22 13:20:52'),
(315, 105, 'Pumice Food and Catering Services', 'test', 'approved', 'Updated', '2023-06-22 13:20:52'),
(316, 104, 'Pumice Food and Catering Services', 'test', 'approved', 'Updated', '2023-06-22 13:20:53'),
(317, 103, 'Pumice Food and Catering Services', 'test', 'approved', 'Updated', '2023-06-22 13:20:53'),
(318, 108, 'Pumice Food and Catering Services', 'test', 'approved', 'Updated', '2023-06-22 13:20:54'),
(319, 107, 'Pumice Food and Catering Services', 'test', 'approved', 'Updated', '2023-06-22 13:20:54'),
(320, 106, 'Pumice Food and Catering Services', 'test', 'approved', 'Updated', '2023-06-22 13:20:54'),
(321, 105, 'Pumice Food and Catering Services', 'test', 'approved', 'Updated', '2023-06-22 13:20:54'),
(322, 104, 'Pumice Food and Catering Services', 'test', 'approved', 'Updated', '2023-06-22 13:20:54'),
(323, 103, 'Pumice Food and Catering Services', 'test', 'approved', 'Updated', '2023-06-22 13:20:54'),
(324, 108, 'Pumice Food and Catering Services', 'test', 'approved', 'Updated', '2023-06-22 13:20:55'),
(325, 107, 'Pumice Food and Catering Services', 'test', 'approved', 'Updated', '2023-06-22 13:20:55'),
(326, 106, 'Pumice Food and Catering Services', 'test', 'approved', 'Updated', '2023-06-22 13:20:55'),
(327, 105, 'Pumice Food and Catering Services', 'test', 'approved', 'Updated', '2023-06-22 13:20:55'),
(328, 104, 'Pumice Food and Catering Services', 'test', 'approved', 'Updated', '2023-06-22 13:20:55'),
(329, 103, 'Pumice Food and Catering Services', 'test', 'approved', 'Updated', '2023-06-22 13:20:56'),
(330, 108, 'Pumice Food and Catering Services', 'test', 'approved', 'Updated', '2023-06-22 13:20:56'),
(331, 107, 'Pumice Food and Catering Services', 'test', 'approved', 'Updated', '2023-06-22 13:20:57'),
(332, 106, 'Pumice Food and Catering Services', 'test', 'approved', 'Updated', '2023-06-22 13:20:57'),
(333, 105, 'Pumice Food and Catering Services', 'test', 'approved', 'Updated', '2023-06-22 13:20:57'),
(334, 104, 'Pumice Food and Catering Services', 'test', 'approved', 'Updated', '2023-06-22 13:20:57'),
(335, 103, 'Pumice Food and Catering Services', 'test', 'approved', 'Updated', '2023-06-22 13:20:57'),
(336, 108, 'Pumice Food and Catering Services', 'test', 'approved', 'Updated', '2023-06-22 13:20:59'),
(337, 107, 'Pumice Food and Catering Services', 'test', 'approved', 'Updated', '2023-06-22 13:20:59'),
(338, 106, 'Pumice Food and Catering Services', 'test', 'approved', 'Updated', '2023-06-22 13:20:59'),
(339, 105, 'Pumice Food and Catering Services', 'test', 'approved', 'Updated', '2023-06-22 13:20:59'),
(340, 104, 'Pumice Food and Catering Services', 'test', 'approved', 'Updated', '2023-06-22 13:20:59'),
(341, 103, 'Pumice Food and Catering Services', 'test', 'approved', 'Updated', '2023-06-22 13:20:59'),
(342, 108, 'Pumice Food and Catering Services', 'test', 'approved', 'Updated', '2023-06-22 13:21:06'),
(343, 107, 'Pumice Food and Catering Services', 'test', 'approved', 'Updated', '2023-06-22 13:21:06'),
(344, 106, 'Pumice Food and Catering Services', 'test', 'approved', 'Updated', '2023-06-22 13:21:06'),
(345, 105, 'Pumice Food and Catering Services', 'test', 'approved', 'Updated', '2023-06-22 13:21:06'),
(346, 104, 'Pumice Food and Catering Services', 'test', 'approved', 'Updated', '2023-06-22 13:21:06'),
(347, 103, 'Pumice Food and Catering Services', 'test', 'approved', 'Updated', '2023-06-22 13:21:06'),
(348, 108, 'Pumice Food and Catering Services', 'test', 'approved', 'Updated', '2023-06-22 13:21:08'),
(349, 107, 'Pumice Food and Catering Services', 'test', 'approved', 'Updated', '2023-06-22 13:21:08'),
(350, 106, 'Pumice Food and Catering Services', 'test', 'approved', 'Updated', '2023-06-22 13:21:08'),
(351, 105, 'Pumice Food and Catering Services', 'test', 'approved', 'Updated', '2023-06-22 13:21:08'),
(352, 104, 'Pumice Food and Catering Services', 'test', 'approved', 'Updated', '2023-06-22 13:21:08'),
(353, 103, 'Pumice Food and Catering Services', 'test', 'approved', 'Updated', '2023-06-22 13:21:08'),
(354, 108, 'Pumice Food and Catering Services', 'test', 'Delivered', 'Updated', '2023-06-22 13:23:02'),
(355, 108, 'Pumice Food and Catering Services', 'test', 'approved', 'Updated', '2023-06-22 13:23:05'),
(356, 107, 'Pumice Food and Catering Services', 'test', 'approved', 'Updated', '2023-06-22 13:23:05'),
(357, 106, 'Pumice Food and Catering Services', 'test', 'approved', 'Updated', '2023-06-22 13:23:05'),
(358, 105, 'Pumice Food and Catering Services', 'test', 'approved', 'Updated', '2023-06-22 13:23:06'),
(359, 104, 'Pumice Food and Catering Services', 'test', 'approved', 'Updated', '2023-06-22 13:23:06'),
(360, 103, 'Pumice Food and Catering Services', 'test', 'approved', 'Updated', '2023-06-22 13:23:06'),
(361, 108, 'Pumice Food and Catering Services', 'test', 'approved', 'Updated', '2023-06-22 13:23:49'),
(362, 107, 'Pumice Food and Catering Services', 'test', 'approved', 'Updated', '2023-06-22 13:23:49'),
(363, 106, 'Pumice Food and Catering Services', 'test', 'approved', 'Updated', '2023-06-22 13:23:49'),
(364, 105, 'Pumice Food and Catering Services', 'test', 'approved', 'Updated', '2023-06-22 13:23:49'),
(365, 104, 'Pumice Food and Catering Services', 'test', 'approved', 'Updated', '2023-06-22 13:23:49'),
(366, 103, 'Pumice Food and Catering Services', 'test', 'approved', 'Updated', '2023-06-22 13:23:50'),
(367, 108, 'Pumice Food and Catering Services', 'test', 'approved', 'Updated', '2023-06-22 13:24:30'),
(368, 107, 'Pumice Food and Catering Services', 'test', 'approved', 'Updated', '2023-06-22 13:24:30'),
(369, 106, 'Pumice Food and Catering Services', 'test', 'approved', 'Updated', '2023-06-22 13:24:30'),
(370, 105, 'Pumice Food and Catering Services', 'test', 'approved', 'Updated', '2023-06-22 13:24:30'),
(371, 104, 'Pumice Food and Catering Services', 'test', 'approved', 'Updated', '2023-06-22 13:24:30'),
(372, 103, 'Pumice Food and Catering Services', 'test', 'approved', 'Updated', '2023-06-22 13:24:30'),
(373, 108, 'Pumice Food and Catering Services', 'test', 'approved', 'Updated', '2023-06-22 13:24:32'),
(374, 107, 'Pumice Food and Catering Services', 'test', 'approved', 'Updated', '2023-06-22 13:24:32'),
(375, 106, 'Pumice Food and Catering Services', 'test', 'approved', 'Updated', '2023-06-22 13:24:32'),
(376, 105, 'Pumice Food and Catering Services', 'test', 'approved', 'Updated', '2023-06-22 13:24:32'),
(377, 104, 'Pumice Food and Catering Services', 'test', 'approved', 'Updated', '2023-06-22 13:24:32'),
(378, 103, 'Pumice Food and Catering Services', 'test', 'approved', 'Updated', '2023-06-22 13:24:32'),
(379, 108, 'Pumice Food and Catering Services', 'test', 'approved', 'Updated', '2023-06-22 13:25:40'),
(380, 107, 'Pumice Food and Catering Services', 'test', 'approved', 'Updated', '2023-06-22 13:25:40'),
(381, 106, 'Pumice Food and Catering Services', 'test', 'approved', 'Updated', '2023-06-22 13:25:40'),
(382, 105, 'Pumice Food and Catering Services', 'test', 'approved', 'Updated', '2023-06-22 13:25:40'),
(383, 104, 'Pumice Food and Catering Services', 'test', 'approved', 'Updated', '2023-06-22 13:25:41'),
(384, 103, 'Pumice Food and Catering Services', 'test', 'approved', 'Updated', '2023-06-22 13:25:41'),
(385, 108, 'Pumice Food and Catering Services', 'test', 'approved', 'Updated', '2023-06-22 13:25:42'),
(386, 107, 'Pumice Food and Catering Services', 'test', 'approved', 'Updated', '2023-06-22 13:25:42'),
(387, 106, 'Pumice Food and Catering Services', 'test', 'approved', 'Updated', '2023-06-22 13:25:43'),
(388, 105, 'Pumice Food and Catering Services', 'test', 'approved', 'Updated', '2023-06-22 13:25:43'),
(389, 104, 'Pumice Food and Catering Services', 'test', 'approved', 'Updated', '2023-06-22 13:25:43'),
(390, 103, 'Pumice Food and Catering Services', 'test', 'approved', 'Updated', '2023-06-22 13:25:43'),
(391, 108, 'Pumice Food and Catering Services', 'test', 'approved', 'Updated', '2023-06-22 13:28:05'),
(392, 107, 'Pumice Food and Catering Services', 'test', 'approved', 'Updated', '2023-06-22 13:28:05'),
(393, 106, 'Pumice Food and Catering Services', 'test', 'approved', 'Updated', '2023-06-22 13:28:05'),
(394, 105, 'Pumice Food and Catering Services', 'test', 'approved', 'Updated', '2023-06-22 13:28:05'),
(395, 104, 'Pumice Food and Catering Services', 'test', 'approved', 'Updated', '2023-06-22 13:28:05'),
(396, 103, 'Pumice Food and Catering Services', 'test', 'approved', 'Updated', '2023-06-22 13:28:05'),
(397, 108, 'Pumice Food and Catering Services', 'test', 'approved', 'Updated', '2023-06-22 13:28:08'),
(398, 107, 'Pumice Food and Catering Services', 'test', 'approved', 'Updated', '2023-06-22 13:28:08'),
(399, 106, 'Pumice Food and Catering Services', 'test', 'approved', 'Updated', '2023-06-22 13:28:08'),
(400, 105, 'Pumice Food and Catering Services', 'test', 'approved', 'Updated', '2023-06-22 13:28:08'),
(401, 104, 'Pumice Food and Catering Services', 'test', 'approved', 'Updated', '2023-06-22 13:28:08'),
(402, 103, 'Pumice Food and Catering Services', 'test', 'approved', 'Updated', '2023-06-22 13:28:08'),
(403, 108, 'Pumice Food and Catering Services', 'test', 'approved', 'Updated', '2023-06-22 13:28:26'),
(404, 107, 'Pumice Food and Catering Services', 'test', 'approved', 'Updated', '2023-06-22 13:28:26'),
(405, 106, 'Pumice Food and Catering Services', 'test', 'approved', 'Updated', '2023-06-22 13:28:26'),
(406, 105, 'Pumice Food and Catering Services', 'test', 'approved', 'Updated', '2023-06-22 13:28:27'),
(407, 104, 'Pumice Food and Catering Services', 'test', 'approved', 'Updated', '2023-06-22 13:28:27'),
(408, 103, 'Pumice Food and Catering Services', 'test', 'approved', 'Updated', '2023-06-22 13:28:27'),
(409, 108, 'Pumice Food and Catering Services', 'test', 'approved', 'Updated', '2023-06-22 13:28:28'),
(410, 107, 'Pumice Food and Catering Services', 'test', 'approved', 'Updated', '2023-06-22 13:28:28'),
(411, 106, 'Pumice Food and Catering Services', 'test', 'approved', 'Updated', '2023-06-22 13:28:29'),
(412, 105, 'Pumice Food and Catering Services', 'test', 'approved', 'Updated', '2023-06-22 13:28:29'),
(413, 104, 'Pumice Food and Catering Services', 'test', 'approved', 'Updated', '2023-06-22 13:28:29'),
(414, 103, 'Pumice Food and Catering Services', 'test', 'approved', 'Updated', '2023-06-22 13:28:29'),
(415, 108, 'Pumice Food and Catering Services', 'test', 'approved', 'Updated', '2023-06-22 13:28:29'),
(416, 107, 'Pumice Food and Catering Services', 'test', 'approved', 'Updated', '2023-06-22 13:28:29'),
(417, 106, 'Pumice Food and Catering Services', 'test', 'approved', 'Updated', '2023-06-22 13:28:29'),
(418, 105, 'Pumice Food and Catering Services', 'test', 'approved', 'Updated', '2023-06-22 13:28:29'),
(419, 104, 'Pumice Food and Catering Services', 'test', 'approved', 'Updated', '2023-06-22 13:28:29'),
(420, 103, 'Pumice Food and Catering Services', 'test', 'approved', 'Updated', '2023-06-22 13:28:29'),
(421, 108, 'Pumice Food and Catering Services', 'test', 'approved', 'Updated', '2023-06-22 13:28:31'),
(422, 107, 'Pumice Food and Catering Services', 'test', 'approved', 'Updated', '2023-06-22 13:28:31'),
(423, 106, 'Pumice Food and Catering Services', 'test', 'approved', 'Updated', '2023-06-22 13:28:32'),
(424, 105, 'Pumice Food and Catering Services', 'test', 'approved', 'Updated', '2023-06-22 13:28:32'),
(425, 104, 'Pumice Food and Catering Services', 'test', 'approved', 'Updated', '2023-06-22 13:28:32'),
(426, 103, 'Pumice Food and Catering Services', 'test', 'approved', 'Updated', '2023-06-22 13:28:32'),
(427, 108, 'Pumice Food and Catering Services', 'test', 'Delivered', 'Updated', '2023-06-22 13:28:37'),
(428, 108, 'Pumice Food and Catering Services', 'test', 'approved', 'Updated', '2023-06-22 13:28:41'),
(429, 107, 'Pumice Food and Catering Services', 'test', 'approved', 'Updated', '2023-06-22 13:28:41'),
(430, 106, 'Pumice Food and Catering Services', 'test', 'approved', 'Updated', '2023-06-22 13:28:41'),
(431, 105, 'Pumice Food and Catering Services', 'test', 'approved', 'Updated', '2023-06-22 13:28:41'),
(432, 104, 'Pumice Food and Catering Services', 'test', 'approved', 'Updated', '2023-06-22 13:28:41'),
(433, 103, 'Pumice Food and Catering Services', 'test', 'approved', 'Updated', '2023-06-22 13:28:41'),
(434, 108, 'Pumice Food and Catering Services', 'test', 'approved', 'Updated', '2023-06-22 13:32:44'),
(435, 107, 'Pumice Food and Catering Services', 'test', 'approved', 'Updated', '2023-06-22 13:32:44'),
(436, 106, 'Pumice Food and Catering Services', 'test', 'approved', 'Updated', '2023-06-22 13:32:44'),
(437, 105, 'Pumice Food and Catering Services', 'test', 'approved', 'Updated', '2023-06-22 13:32:44'),
(438, 104, 'Pumice Food and Catering Services', 'test', 'approved', 'Updated', '2023-06-22 13:32:44'),
(439, 103, 'Pumice Food and Catering Services', 'test', 'approved', 'Updated', '2023-06-22 13:32:44'),
(440, 108, 'Pumice Food and Catering Services', 'test', 'approved', 'Updated', '2023-06-22 13:32:46'),
(441, 107, 'Pumice Food and Catering Services', 'test', 'approved', 'Updated', '2023-06-22 13:32:46'),
(442, 106, 'Pumice Food and Catering Services', 'test', 'approved', 'Updated', '2023-06-22 13:32:46'),
(443, 105, 'Pumice Food and Catering Services', 'test', 'approved', 'Updated', '2023-06-22 13:32:46'),
(444, 104, 'Pumice Food and Catering Services', 'test', 'approved', 'Updated', '2023-06-22 13:32:46'),
(445, 103, 'Pumice Food and Catering Services', 'test', 'approved', 'Updated', '2023-06-22 13:32:46'),
(446, 108, 'Pumice Food and Catering Services', 'test', 'approved', 'Updated', '2023-06-22 13:32:54'),
(447, 107, 'Pumice Food and Catering Services', 'test', 'approved', 'Updated', '2023-06-22 13:32:54'),
(448, 106, 'Pumice Food and Catering Services', 'test', 'approved', 'Updated', '2023-06-22 13:32:54'),
(449, 105, 'Pumice Food and Catering Services', 'test', 'approved', 'Updated', '2023-06-22 13:32:54'),
(450, 104, 'Pumice Food and Catering Services', 'test', 'approved', 'Updated', '2023-06-22 13:32:54'),
(451, 103, 'Pumice Food and Catering Services', 'test', 'approved', 'Updated', '2023-06-22 13:32:54'),
(452, 108, 'Pumice Food and Catering Services', 'test', 'approved', 'Updated', '2023-06-22 13:32:56'),
(453, 107, 'Pumice Food and Catering Services', 'test', 'approved', 'Updated', '2023-06-22 13:32:56'),
(454, 106, 'Pumice Food and Catering Services', 'test', 'approved', 'Updated', '2023-06-22 13:32:57'),
(455, 105, 'Pumice Food and Catering Services', 'test', 'approved', 'Updated', '2023-06-22 13:32:57'),
(456, 104, 'Pumice Food and Catering Services', 'test', 'approved', 'Updated', '2023-06-22 13:32:57'),
(457, 103, 'Pumice Food and Catering Services', 'test', 'approved', 'Updated', '2023-06-22 13:32:57'),
(458, 108, 'Pumice Food and Catering Services', 'test', 'approved', 'Updated', '2023-06-22 13:32:59'),
(459, 107, 'Pumice Food and Catering Services', 'test', 'approved', 'Updated', '2023-06-22 13:32:59'),
(460, 106, 'Pumice Food and Catering Services', 'test', 'approved', 'Updated', '2023-06-22 13:32:59'),
(461, 105, 'Pumice Food and Catering Services', 'test', 'approved', 'Updated', '2023-06-22 13:32:59'),
(462, 104, 'Pumice Food and Catering Services', 'test', 'approved', 'Updated', '2023-06-22 13:32:59'),
(463, 103, 'Pumice Food and Catering Services', 'test', 'approved', 'Updated', '2023-06-22 13:32:59'),
(464, 108, 'Pumice Food and Catering Services', 'test', 'approved', 'Updated', '2023-06-22 13:33:00'),
(465, 107, 'Pumice Food and Catering Services', 'test', 'approved', 'Updated', '2023-06-22 13:33:00'),
(466, 106, 'Pumice Food and Catering Services', 'test', 'approved', 'Updated', '2023-06-22 13:33:01'),
(467, 105, 'Pumice Food and Catering Services', 'test', 'approved', 'Updated', '2023-06-22 13:33:01'),
(468, 104, 'Pumice Food and Catering Services', 'test', 'approved', 'Updated', '2023-06-22 13:33:01'),
(469, 103, 'Pumice Food and Catering Services', 'test', 'approved', 'Updated', '2023-06-22 13:33:01'),
(470, 108, 'Pumice Food and Catering Services', 'test', 'approved', 'Updated', '2023-06-22 13:33:14'),
(471, 107, 'Pumice Food and Catering Services', 'test', 'approved', 'Updated', '2023-06-22 13:33:14'),
(472, 106, 'Pumice Food and Catering Services', 'test', 'approved', 'Updated', '2023-06-22 13:33:14'),
(473, 105, 'Pumice Food and Catering Services', 'test', 'approved', 'Updated', '2023-06-22 13:33:15'),
(474, 104, 'Pumice Food and Catering Services', 'test', 'approved', 'Updated', '2023-06-22 13:33:15'),
(475, 103, 'Pumice Food and Catering Services', 'test', 'approved', 'Updated', '2023-06-22 13:33:15'),
(476, 108, 'Pumice Food and Catering Services', 'test', 'approved', 'Updated', '2023-06-22 13:33:25'),
(477, 107, 'Pumice Food and Catering Services', 'test', 'approved', 'Updated', '2023-06-22 13:33:25'),
(478, 106, 'Pumice Food and Catering Services', 'test', 'approved', 'Updated', '2023-06-22 13:33:25'),
(479, 105, 'Pumice Food and Catering Services', 'test', 'approved', 'Updated', '2023-06-22 13:33:25'),
(480, 104, 'Pumice Food and Catering Services', 'test', 'approved', 'Updated', '2023-06-22 13:33:25'),
(481, 103, 'Pumice Food and Catering Services', 'test', 'approved', 'Updated', '2023-06-22 13:33:25'),
(482, 108, 'Pumice Food and Catering Services', 'test', 'approved', 'Updated', '2023-06-22 13:33:26'),
(483, 107, 'Pumice Food and Catering Services', 'test', 'approved', 'Updated', '2023-06-22 13:33:26'),
(484, 106, 'Pumice Food and Catering Services', 'test', 'approved', 'Updated', '2023-06-22 13:33:26'),
(485, 105, 'Pumice Food and Catering Services', 'test', 'approved', 'Updated', '2023-06-22 13:33:26'),
(486, 104, 'Pumice Food and Catering Services', 'test', 'approved', 'Updated', '2023-06-22 13:33:26'),
(487, 103, 'Pumice Food and Catering Services', 'test', 'approved', 'Updated', '2023-06-22 13:33:26'),
(488, 108, 'Pumice Food and Catering Services', 'test', 'approved', 'Updated', '2023-06-22 13:34:10'),
(489, 107, 'Pumice Food and Catering Services', 'test', 'approved', 'Updated', '2023-06-22 13:34:10'),
(490, 106, 'Pumice Food and Catering Services', 'test', 'approved', 'Updated', '2023-06-22 13:34:11'),
(491, 105, 'Pumice Food and Catering Services', 'test', 'approved', 'Updated', '2023-06-22 13:34:11'),
(492, 104, 'Pumice Food and Catering Services', 'test', 'approved', 'Updated', '2023-06-22 13:34:11'),
(493, 103, 'Pumice Food and Catering Services', 'test', 'approved', 'Updated', '2023-06-22 13:34:11'),
(494, 108, 'Pumice Food and Catering Services', 'test', 'approved', 'Updated', '2023-06-22 13:34:12'),
(495, 107, 'Pumice Food and Catering Services', 'test', 'approved', 'Updated', '2023-06-22 13:34:12'),
(496, 106, 'Pumice Food and Catering Services', 'test', 'approved', 'Updated', '2023-06-22 13:34:12'),
(497, 105, 'Pumice Food and Catering Services', 'test', 'approved', 'Updated', '2023-06-22 13:34:12');
INSERT INTO `tbl_order_logs` (`id`, `catering_id`, `restaurant`, `user`, `status`, `action`, `cdate`) VALUES
(498, 104, 'Pumice Food and Catering Services', 'test', 'approved', 'Updated', '2023-06-22 13:34:12'),
(499, 103, 'Pumice Food and Catering Services', 'test', 'approved', 'Updated', '2023-06-22 13:34:12'),
(500, 108, 'Pumice Food and Catering Services', 'test', 'approved', 'Updated', '2023-06-22 13:34:14'),
(501, 107, 'Pumice Food and Catering Services', 'test', 'approved', 'Updated', '2023-06-22 13:34:14'),
(502, 106, 'Pumice Food and Catering Services', 'test', 'approved', 'Updated', '2023-06-22 13:34:14'),
(503, 105, 'Pumice Food and Catering Services', 'test', 'approved', 'Updated', '2023-06-22 13:34:14'),
(504, 104, 'Pumice Food and Catering Services', 'test', 'approved', 'Updated', '2023-06-22 13:34:14'),
(505, 103, 'Pumice Food and Catering Services', 'test', 'approved', 'Updated', '2023-06-22 13:34:14'),
(506, 108, 'Pumice Food and Catering Services', 'test', 'Delivered', 'Updated', '2023-06-22 13:35:12'),
(507, 108, 'Pumice Food and Catering Services', 'test', 'approved', 'Updated', '2023-06-22 13:35:14'),
(508, 107, 'Pumice Food and Catering Services', 'test', 'approved', 'Updated', '2023-06-22 13:35:14'),
(509, 106, 'Pumice Food and Catering Services', 'test', 'approved', 'Updated', '2023-06-22 13:35:14'),
(510, 105, 'Pumice Food and Catering Services', 'test', 'approved', 'Updated', '2023-06-22 13:35:14'),
(511, 104, 'Pumice Food and Catering Services', 'test', 'approved', 'Updated', '2023-06-22 13:35:15'),
(512, 103, 'Pumice Food and Catering Services', 'test', 'approved', 'Updated', '2023-06-22 13:35:15'),
(513, 108, 'Pumice Food and Catering Services', 'test', 'approved', 'Updated', '2023-06-22 13:35:15'),
(514, 107, 'Pumice Food and Catering Services', 'test', 'approved', 'Updated', '2023-06-22 13:35:15'),
(515, 106, 'Pumice Food and Catering Services', 'test', 'approved', 'Updated', '2023-06-22 13:35:15'),
(516, 105, 'Pumice Food and Catering Services', 'test', 'approved', 'Updated', '2023-06-22 13:35:15'),
(517, 104, 'Pumice Food and Catering Services', 'test', 'approved', 'Updated', '2023-06-22 13:35:15'),
(518, 103, 'Pumice Food and Catering Services', 'test', 'approved', 'Updated', '2023-06-22 13:35:15'),
(519, 108, 'Pumice Food and Catering Services', 'test', 'Delivered', 'Updated', '2023-06-22 13:35:21'),
(520, 108, 'Pumice Food and Catering Services', 'test', 'approved', 'Updated', '2023-06-22 13:35:25'),
(521, 107, 'Pumice Food and Catering Services', 'test', 'approved', 'Updated', '2023-06-22 13:35:25'),
(522, 106, 'Pumice Food and Catering Services', 'test', 'approved', 'Updated', '2023-06-22 13:35:25'),
(523, 105, 'Pumice Food and Catering Services', 'test', 'approved', 'Updated', '2023-06-22 13:35:25'),
(524, 104, 'Pumice Food and Catering Services', 'test', 'approved', 'Updated', '2023-06-22 13:35:25'),
(525, 103, 'Pumice Food and Catering Services', 'test', 'approved', 'Updated', '2023-06-22 13:35:25'),
(526, 108, 'Pumice Food and Catering Services', 'test', 'approved', 'Updated', '2023-06-22 13:35:46'),
(527, 107, 'Pumice Food and Catering Services', 'test', 'approved', 'Updated', '2023-06-22 13:35:46'),
(528, 106, 'Pumice Food and Catering Services', 'test', 'approved', 'Updated', '2023-06-22 13:35:46'),
(529, 105, 'Pumice Food and Catering Services', 'test', 'approved', 'Updated', '2023-06-22 13:35:46'),
(530, 104, 'Pumice Food and Catering Services', 'test', 'approved', 'Updated', '2023-06-22 13:35:46'),
(531, 103, 'Pumice Food and Catering Services', 'test', 'approved', 'Updated', '2023-06-22 13:35:46'),
(532, 108, 'Pumice Food and Catering Services', 'test', 'approved', 'Updated', '2023-06-22 13:37:18'),
(533, 108, 'Pumice Food and Catering Services', 'test', 'approved', 'Updated', '2023-06-22 13:37:20'),
(534, 108, 'Pumice Food and Catering Services', 'test', 'approved', 'Updated', '2023-06-22 13:37:28'),
(535, 108, 'Pumice Food and Catering Services', 'test', 'approved', 'Updated', '2023-06-22 13:37:56'),
(536, 107, 'Pumice Food and Catering Services', 'test', 'approved', 'Updated', '2023-06-22 13:37:57'),
(537, 106, 'Pumice Food and Catering Services', 'test', 'approved', 'Updated', '2023-06-22 13:37:57'),
(538, 105, 'Pumice Food and Catering Services', 'test', 'approved', 'Updated', '2023-06-22 13:37:57'),
(539, 104, 'Pumice Food and Catering Services', 'test', 'approved', 'Updated', '2023-06-22 13:37:57'),
(540, 103, 'Pumice Food and Catering Services', 'test', 'approved', 'Updated', '2023-06-22 13:37:57'),
(541, 108, 'Pumice Food and Catering Services', 'test', 'approved', 'Updated', '2023-06-22 13:38:14'),
(542, 107, 'Pumice Food and Catering Services', 'test', 'approved', 'Updated', '2023-06-22 13:38:16'),
(543, 106, 'Pumice Food and Catering Services', 'test', 'approved', 'Updated', '2023-06-22 13:38:18'),
(544, 105, 'Pumice Food and Catering Services', 'test', 'approved', 'Updated', '2023-06-22 13:38:20'),
(545, 104, 'Pumice Food and Catering Services', 'test', 'approved', 'Updated', '2023-06-22 13:38:22'),
(546, 103, 'Pumice Food and Catering Services', 'test', 'approved', 'Updated', '2023-06-22 13:38:24'),
(547, 108, 'Pumice Food and Catering Services', 'test', 'approved', 'Updated', '2023-06-22 13:38:26'),
(548, 107, 'Pumice Food and Catering Services', 'test', 'approved', 'Updated', '2023-06-22 13:38:26'),
(549, 106, 'Pumice Food and Catering Services', 'test', 'approved', 'Updated', '2023-06-22 13:38:26'),
(550, 105, 'Pumice Food and Catering Services', 'test', 'approved', 'Updated', '2023-06-22 13:38:26'),
(551, 104, 'Pumice Food and Catering Services', 'test', 'approved', 'Updated', '2023-06-22 13:38:26'),
(552, 103, 'Pumice Food and Catering Services', 'test', 'approved', 'Updated', '2023-06-22 13:38:26'),
(553, 108, 'Pumice Food and Catering Services', 'test', 'approved', 'Updated', '2023-06-22 13:39:15'),
(554, 107, 'Pumice Food and Catering Services', 'test', 'approved', 'Updated', '2023-06-22 13:39:15'),
(555, 106, 'Pumice Food and Catering Services', 'test', 'approved', 'Updated', '2023-06-22 13:39:15'),
(556, 105, 'Pumice Food and Catering Services', 'test', 'approved', 'Updated', '2023-06-22 13:39:16'),
(557, 104, 'Pumice Food and Catering Services', 'test', 'approved', 'Updated', '2023-06-22 13:39:16'),
(558, 103, 'Pumice Food and Catering Services', 'test', 'approved', 'Updated', '2023-06-22 13:39:17'),
(559, 108, 'Pumice Food and Catering Services', 'test', 'approved', 'Updated', '2023-06-22 13:39:19'),
(560, 107, 'Pumice Food and Catering Services', 'test', 'approved', 'Updated', '2023-06-22 13:39:19'),
(561, 106, 'Pumice Food and Catering Services', 'test', 'approved', 'Updated', '2023-06-22 13:39:19'),
(562, 105, 'Pumice Food and Catering Services', 'test', 'approved', 'Updated', '2023-06-22 13:39:19'),
(563, 104, 'Pumice Food and Catering Services', 'test', 'approved', 'Updated', '2023-06-22 13:39:19'),
(564, 103, 'Pumice Food and Catering Services', 'test', 'approved', 'Updated', '2023-06-22 13:39:19'),
(565, 108, 'Pumice Food and Catering Services', 'test', 'approved', 'Updated', '2023-06-22 13:39:21'),
(566, 107, 'Pumice Food and Catering Services', 'test', 'approved', 'Updated', '2023-06-22 13:39:21'),
(567, 106, 'Pumice Food and Catering Services', 'test', 'approved', 'Updated', '2023-06-22 13:39:21'),
(568, 105, 'Pumice Food and Catering Services', 'test', 'approved', 'Updated', '2023-06-22 13:39:22'),
(569, 104, 'Pumice Food and Catering Services', 'test', 'approved', 'Updated', '2023-06-22 13:39:22'),
(570, 103, 'Pumice Food and Catering Services', 'test', 'approved', 'Updated', '2023-06-22 13:39:22'),
(571, 108, 'Pumice Food and Catering Services', 'test', 'approved', 'Updated', '2023-06-22 13:39:34'),
(572, 107, 'Pumice Food and Catering Services', 'test', 'approved', 'Updated', '2023-06-22 13:39:34'),
(573, 106, 'Pumice Food and Catering Services', 'test', 'approved', 'Updated', '2023-06-22 13:39:34'),
(574, 105, 'Pumice Food and Catering Services', 'test', 'approved', 'Updated', '2023-06-22 13:39:34'),
(575, 104, 'Pumice Food and Catering Services', 'test', 'approved', 'Updated', '2023-06-22 13:39:34'),
(576, 103, 'Pumice Food and Catering Services', 'test', 'approved', 'Updated', '2023-06-22 13:39:34'),
(577, 108, 'Pumice Food and Catering Services', 'test', 'approved', 'Updated', '2023-06-22 13:39:35'),
(578, 107, 'Pumice Food and Catering Services', 'test', 'approved', 'Updated', '2023-06-22 13:39:35'),
(579, 106, 'Pumice Food and Catering Services', 'test', 'approved', 'Updated', '2023-06-22 13:39:35'),
(580, 105, 'Pumice Food and Catering Services', 'test', 'approved', 'Updated', '2023-06-22 13:39:35'),
(581, 104, 'Pumice Food and Catering Services', 'test', 'approved', 'Updated', '2023-06-22 13:39:35'),
(582, 103, 'Pumice Food and Catering Services', 'test', 'approved', 'Updated', '2023-06-22 13:39:35'),
(583, 108, 'Pumice Food and Catering Services', 'test', 'approved', 'Updated', '2023-06-22 13:39:37'),
(584, 107, 'Pumice Food and Catering Services', 'test', 'approved', 'Updated', '2023-06-22 13:39:37'),
(585, 106, 'Pumice Food and Catering Services', 'test', 'approved', 'Updated', '2023-06-22 13:39:37'),
(586, 105, 'Pumice Food and Catering Services', 'test', 'approved', 'Updated', '2023-06-22 13:39:37'),
(587, 104, 'Pumice Food and Catering Services', 'test', 'approved', 'Updated', '2023-06-22 13:39:37'),
(588, 103, 'Pumice Food and Catering Services', 'test', 'approved', 'Updated', '2023-06-22 13:39:37'),
(589, 108, 'Pumice Food and Catering Services', 'test', 'approved', 'Updated', '2023-06-22 13:39:38'),
(590, 107, 'Pumice Food and Catering Services', 'test', 'approved', 'Updated', '2023-06-22 13:39:38'),
(591, 106, 'Pumice Food and Catering Services', 'test', 'approved', 'Updated', '2023-06-22 13:39:38'),
(592, 105, 'Pumice Food and Catering Services', 'test', 'approved', 'Updated', '2023-06-22 13:39:38'),
(593, 104, 'Pumice Food and Catering Services', 'test', 'approved', 'Updated', '2023-06-22 13:39:38'),
(594, 103, 'Pumice Food and Catering Services', 'test', 'approved', 'Updated', '2023-06-22 13:39:38'),
(595, 108, 'Pumice Food and Catering Services', 'test', 'approved', 'Updated', '2023-06-22 13:39:39'),
(596, 107, 'Pumice Food and Catering Services', 'test', 'approved', 'Updated', '2023-06-22 13:39:39'),
(597, 106, 'Pumice Food and Catering Services', 'test', 'approved', 'Updated', '2023-06-22 13:39:39'),
(598, 105, 'Pumice Food and Catering Services', 'test', 'approved', 'Updated', '2023-06-22 13:39:39'),
(599, 104, 'Pumice Food and Catering Services', 'test', 'approved', 'Updated', '2023-06-22 13:39:39'),
(600, 103, 'Pumice Food and Catering Services', 'test', 'approved', 'Updated', '2023-06-22 13:39:39'),
(601, 108, 'Pumice Food and Catering Services', 'test', 'approved', 'Updated', '2023-06-22 13:39:40'),
(602, 107, 'Pumice Food and Catering Services', 'test', 'approved', 'Updated', '2023-06-22 13:39:40'),
(603, 106, 'Pumice Food and Catering Services', 'test', 'approved', 'Updated', '2023-06-22 13:39:40'),
(604, 105, 'Pumice Food and Catering Services', 'test', 'approved', 'Updated', '2023-06-22 13:39:40'),
(605, 104, 'Pumice Food and Catering Services', 'test', 'approved', 'Updated', '2023-06-22 13:39:40'),
(606, 103, 'Pumice Food and Catering Services', 'test', 'approved', 'Updated', '2023-06-22 13:39:41'),
(607, 108, 'Pumice Food and Catering Services', 'test', 'approved', 'Updated', '2023-06-22 13:39:42'),
(608, 107, 'Pumice Food and Catering Services', 'test', 'approved', 'Updated', '2023-06-22 13:39:42'),
(609, 106, 'Pumice Food and Catering Services', 'test', 'approved', 'Updated', '2023-06-22 13:39:42'),
(610, 105, 'Pumice Food and Catering Services', 'test', 'approved', 'Updated', '2023-06-22 13:39:42'),
(611, 104, 'Pumice Food and Catering Services', 'test', 'approved', 'Updated', '2023-06-22 13:39:42'),
(612, 103, 'Pumice Food and Catering Services', 'test', 'approved', 'Updated', '2023-06-22 13:39:42'),
(613, 108, 'Pumice Food and Catering Services', 'test', 'approved', 'Updated', '2023-06-22 13:39:44'),
(614, 107, 'Pumice Food and Catering Services', 'test', 'approved', 'Updated', '2023-06-22 13:39:44'),
(615, 106, 'Pumice Food and Catering Services', 'test', 'approved', 'Updated', '2023-06-22 13:39:44'),
(616, 105, 'Pumice Food and Catering Services', 'test', 'approved', 'Updated', '2023-06-22 13:39:44'),
(617, 104, 'Pumice Food and Catering Services', 'test', 'approved', 'Updated', '2023-06-22 13:39:44'),
(618, 103, 'Pumice Food and Catering Services', 'test', 'approved', 'Updated', '2023-06-22 13:39:44'),
(619, 108, 'Pumice Food and Catering Services', 'test', 'approved', 'Updated', '2023-06-22 13:39:45'),
(620, 107, 'Pumice Food and Catering Services', 'test', 'approved', 'Updated', '2023-06-22 13:39:45'),
(621, 106, 'Pumice Food and Catering Services', 'test', 'approved', 'Updated', '2023-06-22 13:39:45'),
(622, 105, 'Pumice Food and Catering Services', 'test', 'approved', 'Updated', '2023-06-22 13:39:45'),
(623, 104, 'Pumice Food and Catering Services', 'test', 'approved', 'Updated', '2023-06-22 13:39:45'),
(624, 103, 'Pumice Food and Catering Services', 'test', 'approved', 'Updated', '2023-06-22 13:39:45'),
(625, 108, 'Pumice Food and Catering Services', 'test', 'approved', 'Updated', '2023-06-22 13:39:46'),
(626, 107, 'Pumice Food and Catering Services', 'test', 'approved', 'Updated', '2023-06-22 13:39:46'),
(627, 106, 'Pumice Food and Catering Services', 'test', 'approved', 'Updated', '2023-06-22 13:39:46'),
(628, 105, 'Pumice Food and Catering Services', 'test', 'approved', 'Updated', '2023-06-22 13:39:46'),
(629, 104, 'Pumice Food and Catering Services', 'test', 'approved', 'Updated', '2023-06-22 13:39:46'),
(630, 103, 'Pumice Food and Catering Services', 'test', 'approved', 'Updated', '2023-06-22 13:39:46'),
(631, 108, 'Pumice Food and Catering Services', 'test', 'approved', 'Updated', '2023-06-22 13:40:31'),
(632, 107, 'Pumice Food and Catering Services', 'test', 'approved', 'Updated', '2023-06-22 13:40:31'),
(633, 106, 'Pumice Food and Catering Services', 'test', 'approved', 'Updated', '2023-06-22 13:40:31'),
(634, 105, 'Pumice Food and Catering Services', 'test', 'approved', 'Updated', '2023-06-22 13:40:31'),
(635, 104, 'Pumice Food and Catering Services', 'test', 'approved', 'Updated', '2023-06-22 13:40:31'),
(636, 103, 'Pumice Food and Catering Services', 'test', 'approved', 'Updated', '2023-06-22 13:40:31'),
(637, 108, 'Pumice Food and Catering Services', 'test', 'approved', 'Updated', '2023-06-22 13:40:32'),
(638, 107, 'Pumice Food and Catering Services', 'test', 'approved', 'Updated', '2023-06-22 13:40:32'),
(639, 106, 'Pumice Food and Catering Services', 'test', 'approved', 'Updated', '2023-06-22 13:40:32'),
(640, 105, 'Pumice Food and Catering Services', 'test', 'approved', 'Updated', '2023-06-22 13:40:32'),
(641, 104, 'Pumice Food and Catering Services', 'test', 'approved', 'Updated', '2023-06-22 13:40:32'),
(642, 103, 'Pumice Food and Catering Services', 'test', 'approved', 'Updated', '2023-06-22 13:40:32'),
(643, 108, 'Pumice Food and Catering Services', 'test', 'approved', 'Updated', '2023-06-22 13:40:33'),
(644, 107, 'Pumice Food and Catering Services', 'test', 'approved', 'Updated', '2023-06-22 13:40:34'),
(645, 106, 'Pumice Food and Catering Services', 'test', 'approved', 'Updated', '2023-06-22 13:40:34'),
(646, 105, 'Pumice Food and Catering Services', 'test', 'approved', 'Updated', '2023-06-22 13:40:34'),
(647, 104, 'Pumice Food and Catering Services', 'test', 'approved', 'Updated', '2023-06-22 13:40:34'),
(648, 103, 'Pumice Food and Catering Services', 'test', 'approved', 'Updated', '2023-06-22 13:40:34'),
(649, 108, 'Pumice Food and Catering Services', 'test', 'approved', 'Updated', '2023-06-22 13:41:23'),
(650, 107, 'Pumice Food and Catering Services', 'test', 'approved', 'Updated', '2023-06-22 13:41:23'),
(651, 106, 'Pumice Food and Catering Services', 'test', 'approved', 'Updated', '2023-06-22 13:41:23'),
(652, 105, 'Pumice Food and Catering Services', 'test', 'approved', 'Updated', '2023-06-22 13:41:23'),
(653, 104, 'Pumice Food and Catering Services', 'test', 'approved', 'Updated', '2023-06-22 13:41:23'),
(654, 103, 'Pumice Food and Catering Services', 'test', 'approved', 'Updated', '2023-06-22 13:41:23'),
(655, 108, 'Pumice Food and Catering Services', 'test', 'Delivered', 'Updated', '2023-06-22 13:41:30'),
(656, 108, 'Pumice Food and Catering Services', 'test', 'Delivered', 'Updated', '2023-06-22 13:41:30'),
(657, 108, 'Pumice Food and Catering Services', 'test', 'approved', 'Updated', '2023-06-22 13:41:33'),
(658, 107, 'Pumice Food and Catering Services', 'test', 'approved', 'Updated', '2023-06-22 13:41:33'),
(659, 106, 'Pumice Food and Catering Services', 'test', 'approved', 'Updated', '2023-06-22 13:41:33'),
(660, 105, 'Pumice Food and Catering Services', 'test', 'approved', 'Updated', '2023-06-22 13:41:34'),
(661, 104, 'Pumice Food and Catering Services', 'test', 'approved', 'Updated', '2023-06-22 13:41:34'),
(662, 103, 'Pumice Food and Catering Services', 'test', 'approved', 'Updated', '2023-06-22 13:41:34'),
(663, 108, 'Pumice Food and Catering Services', 'test', 'Delivered', 'Updated', '2023-06-22 13:41:46'),
(664, 108, 'Pumice Food and Catering Services', 'test', 'approved', 'Updated', '2023-06-22 13:41:48'),
(665, 107, 'Pumice Food and Catering Services', 'test', 'approved', 'Updated', '2023-06-22 13:41:49'),
(666, 106, 'Pumice Food and Catering Services', 'test', 'approved', 'Updated', '2023-06-22 13:41:49'),
(667, 105, 'Pumice Food and Catering Services', 'test', 'approved', 'Updated', '2023-06-22 13:41:49'),
(668, 104, 'Pumice Food and Catering Services', 'test', 'approved', 'Updated', '2023-06-22 13:41:49'),
(669, 103, 'Pumice Food and Catering Services', 'test', 'approved', 'Updated', '2023-06-22 13:41:49'),
(670, 108, 'Pumice Food and Catering Services', 'test', 'approved', 'Updated', '2023-06-22 13:41:51'),
(671, 107, 'Pumice Food and Catering Services', 'test', 'approved', 'Updated', '2023-06-22 13:41:51'),
(672, 106, 'Pumice Food and Catering Services', 'test', 'approved', 'Updated', '2023-06-22 13:41:51'),
(673, 105, 'Pumice Food and Catering Services', 'test', 'approved', 'Updated', '2023-06-22 13:41:51'),
(674, 104, 'Pumice Food and Catering Services', 'test', 'approved', 'Updated', '2023-06-22 13:41:51'),
(675, 103, 'Pumice Food and Catering Services', 'test', 'approved', 'Updated', '2023-06-22 13:41:51'),
(676, 108, 'Pumice Food and Catering Services', 'test', 'approved', 'Updated', '2023-06-22 13:42:02'),
(677, 107, 'Pumice Food and Catering Services', 'test', 'approved', 'Updated', '2023-06-22 13:42:02'),
(678, 106, 'Pumice Food and Catering Services', 'test', 'approved', 'Updated', '2023-06-22 13:42:02'),
(679, 105, 'Pumice Food and Catering Services', 'test', 'approved', 'Updated', '2023-06-22 13:42:02'),
(680, 104, 'Pumice Food and Catering Services', 'test', 'approved', 'Updated', '2023-06-22 13:42:02'),
(681, 103, 'Pumice Food and Catering Services', 'test', 'approved', 'Updated', '2023-06-22 13:42:02'),
(682, 108, 'Pumice Food and Catering Services', 'test', 'approved', 'Updated', '2023-06-22 13:42:24'),
(683, 107, 'Pumice Food and Catering Services', 'test', 'approved', 'Updated', '2023-06-22 13:42:24'),
(684, 106, 'Pumice Food and Catering Services', 'test', 'approved', 'Updated', '2023-06-22 13:42:24'),
(685, 105, 'Pumice Food and Catering Services', 'test', 'approved', 'Updated', '2023-06-22 13:42:24'),
(686, 104, 'Pumice Food and Catering Services', 'test', 'approved', 'Updated', '2023-06-22 13:42:24'),
(687, 103, 'Pumice Food and Catering Services', 'test', 'approved', 'Updated', '2023-06-22 13:42:24'),
(688, 108, 'Pumice Food and Catering Services', 'test', 'approved', 'Updated', '2023-06-22 13:42:26'),
(689, 107, 'Pumice Food and Catering Services', 'test', 'approved', 'Updated', '2023-06-22 13:42:26'),
(690, 106, 'Pumice Food and Catering Services', 'test', 'approved', 'Updated', '2023-06-22 13:42:26'),
(691, 105, 'Pumice Food and Catering Services', 'test', 'approved', 'Updated', '2023-06-22 13:42:26'),
(692, 104, 'Pumice Food and Catering Services', 'test', 'approved', 'Updated', '2023-06-22 13:42:26'),
(693, 103, 'Pumice Food and Catering Services', 'test', 'approved', 'Updated', '2023-06-22 13:42:27'),
(694, 108, 'Pumice Food and Catering Services', 'test', 'approved', 'Updated', '2023-06-22 13:42:29'),
(695, 107, 'Pumice Food and Catering Services', 'test', 'approved', 'Updated', '2023-06-22 13:42:29'),
(696, 106, 'Pumice Food and Catering Services', 'test', 'approved', 'Updated', '2023-06-22 13:42:29'),
(697, 105, 'Pumice Food and Catering Services', 'test', 'approved', 'Updated', '2023-06-22 13:42:29'),
(698, 104, 'Pumice Food and Catering Services', 'test', 'approved', 'Updated', '2023-06-22 13:42:29'),
(699, 103, 'Pumice Food and Catering Services', 'test', 'approved', 'Updated', '2023-06-22 13:42:29'),
(700, 108, 'Pumice Food and Catering Services', 'test', 'approved', 'Updated', '2023-06-22 13:42:30'),
(701, 107, 'Pumice Food and Catering Services', 'test', 'approved', 'Updated', '2023-06-22 13:42:30'),
(702, 106, 'Pumice Food and Catering Services', 'test', 'approved', 'Updated', '2023-06-22 13:42:30'),
(703, 105, 'Pumice Food and Catering Services', 'test', 'approved', 'Updated', '2023-06-22 13:42:30'),
(704, 104, 'Pumice Food and Catering Services', 'test', 'approved', 'Updated', '2023-06-22 13:42:30'),
(705, 103, 'Pumice Food and Catering Services', 'test', 'approved', 'Updated', '2023-06-22 13:42:30'),
(706, 108, 'Pumice Food and Catering Services', 'test', 'approved', 'Updated', '2023-06-22 13:42:32'),
(707, 107, 'Pumice Food and Catering Services', 'test', 'approved', 'Updated', '2023-06-22 13:42:32'),
(708, 106, 'Pumice Food and Catering Services', 'test', 'approved', 'Updated', '2023-06-22 13:42:32'),
(709, 105, 'Pumice Food and Catering Services', 'test', 'approved', 'Updated', '2023-06-22 13:42:32'),
(710, 104, 'Pumice Food and Catering Services', 'test', 'approved', 'Updated', '2023-06-22 13:42:32'),
(711, 103, 'Pumice Food and Catering Services', 'test', 'approved', 'Updated', '2023-06-22 13:42:32'),
(712, 108, 'Pumice Food and Catering Services', 'test', 'approved', 'Updated', '2023-06-22 13:43:12'),
(713, 107, 'Pumice Food and Catering Services', 'test', 'approved', 'Updated', '2023-06-22 13:43:12'),
(714, 106, 'Pumice Food and Catering Services', 'test', 'approved', 'Updated', '2023-06-22 13:43:12'),
(715, 105, 'Pumice Food and Catering Services', 'test', 'approved', 'Updated', '2023-06-22 13:43:12'),
(716, 104, 'Pumice Food and Catering Services', 'test', 'approved', 'Updated', '2023-06-22 13:43:12'),
(717, 103, 'Pumice Food and Catering Services', 'test', 'approved', 'Updated', '2023-06-22 13:43:12'),
(718, 108, 'Pumice Food and Catering Services', 'test', 'Delivered', 'Updated', '2023-06-22 13:43:20'),
(719, 108, 'Pumice Food and Catering Services', 'test', 'approved', 'Updated', '2023-06-22 13:43:23'),
(720, 107, 'Pumice Food and Catering Services', 'test', 'approved', 'Updated', '2023-06-22 13:43:23'),
(721, 106, 'Pumice Food and Catering Services', 'test', 'approved', 'Updated', '2023-06-22 13:43:23'),
(722, 105, 'Pumice Food and Catering Services', 'test', 'approved', 'Updated', '2023-06-22 13:43:23'),
(723, 104, 'Pumice Food and Catering Services', 'test', 'approved', 'Updated', '2023-06-22 13:43:23'),
(724, 103, 'Pumice Food and Catering Services', 'test', 'approved', 'Updated', '2023-06-22 13:43:23'),
(725, 108, 'Pumice Food and Catering Services', 'test', 'approved', 'Updated', '2023-06-22 13:43:28'),
(726, 107, 'Pumice Food and Catering Services', 'test', 'approved', 'Updated', '2023-06-22 13:43:28'),
(727, 106, 'Pumice Food and Catering Services', 'test', 'approved', 'Updated', '2023-06-22 13:43:28'),
(728, 105, 'Pumice Food and Catering Services', 'test', 'approved', 'Updated', '2023-06-22 13:43:29'),
(729, 104, 'Pumice Food and Catering Services', 'test', 'approved', 'Updated', '2023-06-22 13:43:29'),
(730, 103, 'Pumice Food and Catering Services', 'test', 'approved', 'Updated', '2023-06-22 13:43:29'),
(731, 108, 'Pumice Food and Catering Services', 'test', 'approved', 'Updated', '2023-06-22 13:44:26'),
(732, 107, 'Pumice Food and Catering Services', 'test', 'approved', 'Updated', '2023-06-22 13:44:26'),
(733, 106, 'Pumice Food and Catering Services', 'test', 'approved', 'Updated', '2023-06-22 13:44:26'),
(734, 105, 'Pumice Food and Catering Services', 'test', 'approved', 'Updated', '2023-06-22 13:44:26'),
(735, 104, 'Pumice Food and Catering Services', 'test', 'approved', 'Updated', '2023-06-22 13:44:26'),
(736, 103, 'Pumice Food and Catering Services', 'test', 'approved', 'Updated', '2023-06-22 13:44:26'),
(737, 108, 'Pumice Food and Catering Services', 'test', 'approved', 'Updated', '2023-06-22 13:46:59'),
(738, 107, 'Pumice Food and Catering Services', 'test', 'approved', 'Updated', '2023-06-22 13:46:59'),
(739, 106, 'Pumice Food and Catering Services', 'test', 'approved', 'Updated', '2023-06-22 13:46:59'),
(740, 105, 'Pumice Food and Catering Services', 'test', 'approved', 'Updated', '2023-06-22 13:46:59'),
(741, 104, 'Pumice Food and Catering Services', 'test', 'approved', 'Updated', '2023-06-22 13:46:59'),
(742, 103, 'Pumice Food and Catering Services', 'test', 'approved', 'Updated', '2023-06-22 13:46:59'),
(743, 108, 'Pumice Food and Catering Services', 'test', 'approved', 'Updated', '2023-06-22 13:47:01'),
(744, 107, 'Pumice Food and Catering Services', 'test', 'approved', 'Updated', '2023-06-22 13:47:01'),
(745, 106, 'Pumice Food and Catering Services', 'test', 'approved', 'Updated', '2023-06-22 13:47:01'),
(746, 105, 'Pumice Food and Catering Services', 'test', 'approved', 'Updated', '2023-06-22 13:47:01'),
(747, 104, 'Pumice Food and Catering Services', 'test', 'approved', 'Updated', '2023-06-22 13:47:01'),
(748, 103, 'Pumice Food and Catering Services', 'test', 'approved', 'Updated', '2023-06-22 13:47:01'),
(749, 108, 'Pumice Food and Catering Services', 'test', 'approved', 'Updated', '2023-06-22 13:47:02'),
(750, 107, 'Pumice Food and Catering Services', 'test', 'approved', 'Updated', '2023-06-22 13:47:02'),
(751, 106, 'Pumice Food and Catering Services', 'test', 'approved', 'Updated', '2023-06-22 13:47:02'),
(752, 105, 'Pumice Food and Catering Services', 'test', 'approved', 'Updated', '2023-06-22 13:47:02'),
(753, 104, 'Pumice Food and Catering Services', 'test', 'approved', 'Updated', '2023-06-22 13:47:02'),
(754, 103, 'Pumice Food and Catering Services', 'test', 'approved', 'Updated', '2023-06-22 13:47:02'),
(755, 108, 'Pumice Food and Catering Services', 'test', 'approved', 'Updated', '2023-06-22 13:47:37'),
(756, 107, 'Pumice Food and Catering Services', 'test', 'approved', 'Updated', '2023-06-22 13:47:37'),
(757, 106, 'Pumice Food and Catering Services', 'test', 'approved', 'Updated', '2023-06-22 13:47:38'),
(758, 105, 'Pumice Food and Catering Services', 'test', 'approved', 'Updated', '2023-06-22 13:47:38'),
(759, 104, 'Pumice Food and Catering Services', 'test', 'approved', 'Updated', '2023-06-22 13:47:38'),
(760, 103, 'Pumice Food and Catering Services', 'test', 'approved', 'Updated', '2023-06-22 13:47:38'),
(761, 108, 'Pumice Food and Catering Services', 'test', 'approved', 'Updated', '2023-06-22 13:47:38'),
(762, 107, 'Pumice Food and Catering Services', 'test', 'approved', 'Updated', '2023-06-22 13:47:38'),
(763, 106, 'Pumice Food and Catering Services', 'test', 'approved', 'Updated', '2023-06-22 13:47:38'),
(764, 105, 'Pumice Food and Catering Services', 'test', 'approved', 'Updated', '2023-06-22 13:47:39'),
(765, 104, 'Pumice Food and Catering Services', 'test', 'approved', 'Updated', '2023-06-22 13:47:39'),
(766, 103, 'Pumice Food and Catering Services', 'test', 'approved', 'Updated', '2023-06-22 13:47:39'),
(767, 108, 'Pumice Food and Catering Services', 'test', 'Delivered', 'Updated', '2023-06-22 13:47:42'),
(768, 108, 'Pumice Food and Catering Services', 'test', 'approved', 'Updated', '2023-06-22 13:47:48'),
(769, 107, 'Pumice Food and Catering Services', 'test', 'approved', 'Updated', '2023-06-22 13:47:48'),
(770, 106, 'Pumice Food and Catering Services', 'test', 'approved', 'Updated', '2023-06-22 13:47:49'),
(771, 105, 'Pumice Food and Catering Services', 'test', 'approved', 'Updated', '2023-06-22 13:47:49'),
(772, 104, 'Pumice Food and Catering Services', 'test', 'approved', 'Updated', '2023-06-22 13:47:49'),
(773, 103, 'Pumice Food and Catering Services', 'test', 'approved', 'Updated', '2023-06-22 13:47:49'),
(774, 108, 'Pumice Food and Catering Services', 'test', 'approved', 'Updated', '2023-06-22 13:47:50'),
(775, 107, 'Pumice Food and Catering Services', 'test', 'approved', 'Updated', '2023-06-22 13:47:50'),
(776, 106, 'Pumice Food and Catering Services', 'test', 'approved', 'Updated', '2023-06-22 13:47:50'),
(777, 105, 'Pumice Food and Catering Services', 'test', 'approved', 'Updated', '2023-06-22 13:47:50'),
(778, 104, 'Pumice Food and Catering Services', 'test', 'approved', 'Updated', '2023-06-22 13:47:50'),
(779, 103, 'Pumice Food and Catering Services', 'test', 'approved', 'Updated', '2023-06-22 13:47:50'),
(780, 108, 'Pumice Food and Catering Services', 'test', 'approved', 'Updated', '2023-06-22 13:48:54'),
(781, 107, 'Pumice Food and Catering Services', 'test', 'approved', 'Updated', '2023-06-22 13:48:54'),
(782, 106, 'Pumice Food and Catering Services', 'test', 'approved', 'Updated', '2023-06-22 13:48:54'),
(783, 105, 'Pumice Food and Catering Services', 'test', 'approved', 'Updated', '2023-06-22 13:48:54'),
(784, 104, 'Pumice Food and Catering Services', 'test', 'approved', 'Updated', '2023-06-22 13:48:54'),
(785, 103, 'Pumice Food and Catering Services', 'test', 'approved', 'Updated', '2023-06-22 13:48:54'),
(786, 108, 'Pumice Food and Catering Services', 'test', 'approved', 'Updated', '2023-06-22 13:48:56'),
(787, 107, 'Pumice Food and Catering Services', 'test', 'approved', 'Updated', '2023-06-22 13:48:56'),
(788, 106, 'Pumice Food and Catering Services', 'test', 'approved', 'Updated', '2023-06-22 13:48:56'),
(789, 105, 'Pumice Food and Catering Services', 'test', 'approved', 'Updated', '2023-06-22 13:48:56'),
(790, 104, 'Pumice Food and Catering Services', 'test', 'approved', 'Updated', '2023-06-22 13:48:56'),
(791, 103, 'Pumice Food and Catering Services', 'test', 'approved', 'Updated', '2023-06-22 13:48:56'),
(792, 108, 'Pumice Food and Catering Services', 'test', 'approved', 'Updated', '2023-06-22 13:49:31'),
(793, 107, 'Pumice Food and Catering Services', 'test', 'approved', 'Updated', '2023-06-22 13:49:31'),
(794, 106, 'Pumice Food and Catering Services', 'test', 'approved', 'Updated', '2023-06-22 13:49:32'),
(795, 105, 'Pumice Food and Catering Services', 'test', 'approved', 'Updated', '2023-06-22 13:49:32'),
(796, 104, 'Pumice Food and Catering Services', 'test', 'approved', 'Updated', '2023-06-22 13:49:32'),
(797, 103, 'Pumice Food and Catering Services', 'test', 'approved', 'Updated', '2023-06-22 13:49:32'),
(798, 112, 'Frostybites Garden Hall', 'test', 'full_payment', 'Updated', '2023-06-22 13:57:07'),
(799, 113, 'Frostybites Garden Hall', 'test', 'full_payment', 'Updated', '2023-06-22 13:57:08'),
(800, 114, 'Frostybites Garden Hall', 'test', 'full_payment', 'Updated', '2023-06-22 14:02:39'),
(801, 108, 'Pumice Food and Catering Services', 'test', 'not approved', 'Updated', '2023-06-22 14:30:24'),
(802, 108, 'Pumice Food and Catering Services', 'test', 'approved', 'Updated', '2023-06-22 14:30:50'),
(803, 115, '', '', 'Full_payment', 'Updated', '2023-06-22 14:43:13'),
(804, 116, '', '', 'Full_payment', 'Updated', '2023-06-22 14:43:37'),
(805, 117, '', '', 'Full_payment', 'Updated', '2023-06-22 14:43:49'),
(806, 118, 'Frostybites Garden Hall', 'test', 'Not approved', 'Updated', '2023-06-22 14:44:10'),
(807, 118, 'Frostybites Garden Hall', 'test', 'approved', 'Updated', '2023-06-22 14:46:42'),
(808, 119, '', '', 'Full_payment', 'Updated', '2023-06-22 14:47:08'),
(809, 118, 'Frostybites Garden Hall', 'test', 'Full_payment', 'Updated', '2023-06-22 14:49:51'),
(810, 108, 'Pumice Food and Catering Services', 'test', 'Full_payment', 'Updated', '2023-06-22 14:50:00'),
(811, 120, 'Frostybites Garden Hall', 'test', 'Not approved', 'Updated', '2023-06-22 15:32:36'),
(812, 118, 'Frostybites Garden Hall', 'test', 'full_payment', 'Updated', '2023-06-23 12:22:40'),
(813, 108, 'Pumice Food and Catering Services', 'test', 'full_payment', 'Updated', '2023-06-23 12:22:48'),
(814, 108, 'Pumice Food and Catering Services', 'test', 'Delivered', 'Updated', '2023-06-25 12:19:08'),
(815, 108, 'Pumice Food and Catering Services', 'test', 'Delivered', 'Updated', '2023-06-25 12:19:18'),
(816, 118, 'Frostybites Garden Hall', 'test', 'Delivered', 'Updated', '2023-06-25 12:19:59'),
(817, 114, 'Frostybites Garden Hall', 'test', 'Delivered', 'Updated', '2023-06-25 12:20:07'),
(818, 113, 'Frostybites Garden Hall', 'test', 'Delivered', 'Updated', '2023-06-25 12:20:14'),
(819, 112, 'Frostybites Garden Hall', 'test', 'Delivered', 'Updated', '2023-06-25 12:20:20');

-- --------------------------------------------------------

--
-- Table structure for table `tbl_user`
--

CREATE TABLE `tbl_user` (
  `userid` int(11) NOT NULL,
  `password` varchar(255) NOT NULL,
  `useremail` varchar(255) NOT NULL,
  `username` varchar(255) NOT NULL,
  `phonenum` varchar(11) NOT NULL,
  `role` varchar(12) NOT NULL DEFAULT 'Seller',
  `restaurant` varchar(40) NOT NULL,
  `address` varchar(255) NOT NULL,
  `image` varchar(255) NOT NULL,
  `image2` varchar(255) NOT NULL,
  `banner` varchar(255) NOT NULL,
  `latitude` float NOT NULL,
  `longitude` float NOT NULL,
  `status` varchar(12) NOT NULL DEFAULT 'not approved',
  `skey` varchar(255) NOT NULL,
  `pkey` varchar(255) NOT NULL
) ENGINE=InnoDB DEFAULT CHARSET=utf8mb4;

--
-- Dumping data for table `tbl_user`
--

INSERT INTO `tbl_user` (`userid`, `password`, `useremail`, `username`, `phonenum`, `role`, `restaurant`, `address`, `image`, `image2`, `banner`, `latitude`, `longitude`, `status`, `skey`, `pkey`) VALUES
(1, '$2y$10$7lvTpsP1o2L3iK1jTHbRZuRUyNzZ0cD.cpTIN9QdHyA/U9YnCnLji', 'test@gmail.com', 'test', '', 'Admin', 'jacks', 'san roque Iligan City', '', '', '', 0, 0, 'approved', '', ''),
(3, '$2y$10$jXAvtn62cs/b1Ev1aqql7.K1U2nOvWmWaLDM7q7LTq7U/lIkYPsfK', 'admin@gmail.com', 'Admin', '', 'Admin', 'jackies', 'san roque Iligan City', '', '', '', 0, 0, 'approved', '23232323232', ''),
(34, '$2y$10$5VchF3FtxlHCpWEgmEtqd..ekipcRtm2JnS/nPrq5ISvaRvDiU1oC', 'appetina.mfc@gmail.com', 'Appetina Modern Filipino Cuisine', '0926 481 06', 'Seller', 'Appetina Modern Filipino Cuisine', 'The Strip, Corner Ubaldo Laya and Quezon Avenue, Pala-o 9200 Iligan City, Philippines', 'Appetina.png', '64952232b6672.jpg', '64912ce285702.png', 8.2276, 124.249, 'approved', 'sk_test_51NIkXMSGeKy7WLs6bxSx9nJI5gytzyDJ7YnYK13AeCCwpuRzrBi4mjjtr6zgcAMt0NziY8tpaPVsjJdJCswsty5700D9443m68', 'pk_test_51NIkXMSGeKy7WLs6P4GQfu5DuePNId864WbrdeQQptQ5XYAHHYL6QEkBx4sxqu3PCnnT7LqVlXmM0aWf8yYUlQ2e00yVJZ3M7T'),
(35, '$2y$10$Xp/LDhcgUfoqx8uhXRoBCemYjgkUFrGCnnuq55.co6zaVY55HbOv6', 'Frostybites@gmail.com', 'Frostybites Garden Hall', '0917 622 08', 'Seller', 'Frostybites Garden Hall', 'Purdue St., Camague, Tubod, Iligan City 9200 Iligan, Philippines', 'frosty.jpg', '64952232b6672.jpg', '64912de119c60.jpg', 8.21869, 124.234, 'approved', 'sk_test_51NKt9lEJGGBP8d9CItCTIMMRczJKMbW18ovDfRR1785GrIVCA79yUzxlyebsrryanTJzWnaKJwxYRUbuEsBBlRp900lI9gPqbP', 'sk_test_51NKt9lEJGGBP8d9CItCTIMMRczJKMbW18ovDfRR1785GrIVCA79yUzxlyebsrryanTJzWnaKJwxYRUbuEsBBlRp900lI9gPqbP'),
(38, '$2y$10$10eiuP2knMYXUIp.kINW5uTH79ydnRI99tKtXI9LZTg0dgpXZSU9i', 'hazelpurganan@gmail.com', 'Hazries Kitchen Catering Services', '0917 321 19', 'Seller', 'Hazries Kitchen Catering Services', 'Tibanga 9200 Iligan City, Philippines', 'Hazries.jpg', '64952232b6672.jpg', '64912986cc0f7.jpg', 8.24355, 124.252, 'approved', 'sk_test_51NKtCuL9rCra5K8awDgWZTrSoIFBa7xRMBDOh361EmeJUCyn8wwKMoOkeqMUTvAf3RzSRjAjCVkOw1pHIx6ebCyK00PF3OhSuY', 'pk_test_51NKtCuL9rCra5K8adskqCqfXieIiWe0bMXcQMG6F0uImrL4aLijuV6MgAk2t2SPk0nwijBJSI2JB3ga0WqtyaVmI00yrO06aao'),
(39, '$2y$10$xDzH6AT1q3ocK3QKFxBgiO2VB/p6XZAchbCFgmUN48izshmLaYRwW', 'racquelbakeshop@gmail.com', 'Racquels Bakeshop & Catering Services', '(063) 223 1', 'Seller', 'Racquels Bakeshop & Catering Services', '3305 Andres Bonifacio Ave, Iligan City, Lanao del Norte', 'Racquel.jpg', '64952232b6672.jpg', '6491253a5af78.jpg', 8.23503, 124.241, 'approved', 'sk_test_51NKtGXLItfoSTy2h3cBBnpRvVI0wptfJ1TKKu9afnxYZ0tJ5bWruf31uqI1IARYV2lotV1juCrg0dwSMgSCmRxxp00qYIATngI', 'pk_test_51NKtGXLItfoSTy2h02BSXewcvaJAxuHQ5jKlAURkvSFEjbgWrIUAwc3ioxjegXkVv8ZApXbRjNYG7aw9phF3gGNs00eiVR8qw6'),
(40, '$2y$10$a86/DUb0eJqPWSuIwwZrlOpnMjV4Bs2rxvVOqFxiHFMx6iO.7Bwmu', 'pumicecatering@gmail.com', 'Pumice Food and Catering Services', '0927 543 74', 'Seller', 'Pumice Food and Catering Services', 'Second Floor, Trophix Building, Gregorio T. Lluch Avenue, Pala-o, Iligan City 9200 Iligan City, Philippines', 'pumice.jpg', '64952232b6672.jpg', '649124da1c9c0.jpg', 8.22763, 124.247, 'approved', 'sk_test_51NKs61EPtJl5gklLrhTPdEeiYRQ1yNYNnCNyuaGIxNXeO4p6RTknuTmh0PfP0I0WTJFgIp1aD2wMt7s52yfPq82k00YR64QBkJ', 'pk_test_51NKs61EPtJl5gklLVewplj4b5zLAoWkYmAhHQr9lyBtwlYnfDTs96sBAuyBY2R9xZmmX86auktOGk5dNanANqysL00AgoxTS83'),
(42, '$2y$10$MvuLZApVBbArOYC66TzrWucqiKakEjb9SzXCadh.XBd.C9F5RFpau', 'kyle@gmail.com', '1', '09976055855', 'Seller', 'kyle resto', 'brgy san roque', '649171cd4c9d0.png', '64952232b6672.jpg', '', 8.23326, 124.244, 'not approved', '', ''),
(43, '$2y$10$dEVSG27IdJBva4ukBSw8X.JgZIaK5KFFUDgpDe8W/Ra59YDQc7mlO', 'yayadog@gmail.com', 'Kyle VIllanueva', '09976055855', 'Seller', 'Yayadog`s Restaurant', 'Brgy. Mahayahay, Phase 1 , Blk 3, Lot 9', '649520855093c.png', '64952232b6672.jpg', '', 8.22503, 124.246, 'not approved', '', ''),
(44, '$2y$10$zzI8BFeD66QMDBSxL6SlruiSXz5xOs5fththzJ3mS.8LM025nTahm', 'siri@gmail.com', 'Siri ', '09976055855', 'Seller', 'Siri restaurant', '123213', '64952232b666d.png', '64952232b6672.jpg', '', 8.22537, 124.254, 'not approved', '', '');

--
-- Indexes for dumped tables
--

--
-- Indexes for table `tbl_cart`
--
ALTER TABLE `tbl_cart`
  ADD PRIMARY KEY (`id`);

--
-- Indexes for table `tbl_category`
--
ALTER TABLE `tbl_category`
  ADD PRIMARY KEY (`catid`);

--
-- Indexes for table `tbl_catering_order_details`
--
ALTER TABLE `tbl_catering_order_details`
  ADD PRIMARY KEY (`catering_id`);

--
-- Indexes for table `tbl_customer`
--
ALTER TABLE `tbl_customer`
  ADD PRIMARY KEY (`customerid`);

--
-- Indexes for table `tbl_foodmenu`
--
ALTER TABLE `tbl_foodmenu`
  ADD PRIMARY KEY (`foodid`);

--
-- Indexes for table `tbl_orders`
--
ALTER TABLE `tbl_orders`
  ADD PRIMARY KEY (`id`);

--
-- Indexes for table `tbl_order_logs`
--
ALTER TABLE `tbl_order_logs`
  ADD PRIMARY KEY (`id`);

--
-- Indexes for table `tbl_user`
--
ALTER TABLE `tbl_user`
  ADD PRIMARY KEY (`userid`);

--
-- AUTO_INCREMENT for dumped tables
--

--
-- AUTO_INCREMENT for table `tbl_cart`
--
ALTER TABLE `tbl_cart`
  MODIFY `id` int(11) NOT NULL AUTO_INCREMENT, AUTO_INCREMENT=221;

--
-- AUTO_INCREMENT for table `tbl_category`
--
ALTER TABLE `tbl_category`
  MODIFY `catid` int(11) NOT NULL AUTO_INCREMENT, AUTO_INCREMENT=8;

--
-- AUTO_INCREMENT for table `tbl_catering_order_details`
--
ALTER TABLE `tbl_catering_order_details`
  MODIFY `catering_id` int(11) NOT NULL AUTO_INCREMENT, AUTO_INCREMENT=121;

--
-- AUTO_INCREMENT for table `tbl_customer`
--
ALTER TABLE `tbl_customer`
  MODIFY `customerid` int(11) NOT NULL AUTO_INCREMENT, AUTO_INCREMENT=4;

--
-- AUTO_INCREMENT for table `tbl_foodmenu`
--
ALTER TABLE `tbl_foodmenu`
  MODIFY `foodid` int(11) NOT NULL AUTO_INCREMENT, AUTO_INCREMENT=77;

--
-- AUTO_INCREMENT for table `tbl_orders`
--
ALTER TABLE `tbl_orders`
  MODIFY `id` int(11) NOT NULL AUTO_INCREMENT, AUTO_INCREMENT=71;

--
-- AUTO_INCREMENT for table `tbl_order_logs`
--
ALTER TABLE `tbl_order_logs`
  MODIFY `id` int(11) NOT NULL AUTO_INCREMENT, AUTO_INCREMENT=820;

--
-- AUTO_INCREMENT for table `tbl_user`
--
ALTER TABLE `tbl_user`
  MODIFY `userid` int(11) NOT NULL AUTO_INCREMENT, AUTO_INCREMENT=45;
COMMIT;

/*!40101 SET CHARACTER_SET_CLIENT=@OLD_CHARACTER_SET_CLIENT */;
/*!40101 SET CHARACTER_SET_RESULTS=@OLD_CHARACTER_SET_RESULTS */;
/*!40101 SET COLLATION_CONNECTION=@OLD_COLLATION_CONNECTION */;
